year,day,no3_leach,n2o_flux,h2o_leach,precip,very_labile_litterC,labile_litterC,resistant_litterC,microbialC,labile_humadsC,resistant_humadsC,humusC,inertC,frozen_doc,wtc_avail,ch4C,soil_ph,soil_temp,wfps,soil_nh3,nh3_vol
 16,  1, 0.0000, 0.0000, 0.0000, 0.0000, 0.0000,57.7291,6245.9243,50.8610,1066.2217,5599.4897,72568.7891, 0.0000, 0.0000,116.7656, 0.0000, 6.7000, 5.5914, 0.5010, 0.0000, 0.0025
 16,  2, 0.0000, 0.0000, 0.0000, 0.0000, 0.0000,57.5937,6245.1353,51.2893,1065.8586,5599.4209,72568.9297, 0.0000, 0.0000,114.8071, 0.0000, 6.7000, 5.5603, 0.5116, 0.0000, 0.0024
 16,  3, 0.0000, 0.0000, 0.0000, 0.0000, 0.0000,57.4629,6244.3608,51.7091,1065.5006,5599.3530,72569.0313, 0.0000, 0.0000,112.9590, 0.0000, 6.7000, 5.5042, 0.5116, 0.0000, 0.0024
 16,  4, 0.0000, 0.0000, 0.0000, 2.0000, 0.0000,57.3363,6243.6279,52.1090,1065.1530,5599.2881,72569.1484, 0.0000, 0.0000,111.3092, 0.0000, 6.7000, 5.4346, 0.5116, 0.0000, 0.0023
 16,  5, 0.0000, 0.0000, 0.0000, 0.0000, 0.0000,57.2144,6242.9971,52.4619,1064.8278,5599.2271,72569.2500, 0.0000, 0.0000,110.0193, 0.0000, 6.7000, 5.3052, 0.4875, 0.0000, 0.0023
 16,  6, 0.0000, 0.0000, 0.0000, 7.0000, 0.0000,57.0971,6242.3765,52.8091,1064.5066,5599.1646,72569.3594, 0.0000, 0.0000,108.7539, 0.0000, 6.7000, 5.3172, 0.4931, 0.0000, 0.0022
 16,  7, 0.0000, 0.0000, 0.0000, 0.0000, 0.0000,56.9832,6241.7573,53.1539,1064.1877,5599.1050,72569.4531, 0.0000, 0.0000,107.5220, 0.0000, 6.7000, 5.2698, 0.5011, 0.0000, 0.0022
 16,  8, 0.0000, 0.0000, 0.0000, 0.0000, 0.0000,56.8717,6241.1055,53.5102,1063.8654,5599.0430,72569.5547, 0.0000, 0.0000,106.3023, 0.0000, 6.7000, 5.2341, 0.5116, 0.0000, 0.0022
 16,  9, 0.0000, 0.0000, 0.0000, 0.0000, 0.0000,56.7622,6240.4404,53.8712,1063.5432,5598.9824,72569.6563, 0.0000, 0.0000,105.0697, 0.0000, 6.7000, 5.2010, 0.5116, 0.0000, 0.0021
 16, 10, 0.0000, 0.0000, 0.0000, 0.0000, 0.0000,56.6548,6239.7886,54.2261,1063.2251,5598.9219,72569.7656, 0.0000, 0.0000,103.8962, 0.0000, 6.7000, 5.1513, 0.5116, 0.0000, 0.0021
 16, 11, 0.0000, 0.0000, 0.0000, 0.0000, 0.0000,56.5488,6239.1230,54.5859,1062.9065,5598.8613,72569.8750, 0.0000, 0.0000,102.7132, 0.0000, 6.7000, 5.1265, 0.5116, 0.0000, 0.0020
 16, 12, 0.0000, 0.0000, 0.0000, 0.0000, 0.0000,56.4445,6238.4712,54.9380,1062.5928,5598.8022,72569.9688, 0.0000, 0.0000,101.5991, 0.0000, 6.7000, 5.0753, 0.5116, 0.0000, 0.0020
 16, 13, 0.0000, 0.0000, 0.0000, 0.0000, 0.0000,56.3423,6237.8667,55.2692,1062.2900,5598.7437,72570.0703, 0.0000, 0.0000,100.6453, 0.0000, 6.7000, 5.0078, 0.5116, 0.0000, 0.0020
 16, 14, 0.0000, 0.0000, 0.0000, 0.0000, 0.0000,56.2419,6237.2627,55.5986,1061.9891,5598.6875,72570.1719, 0.0000, 0.0000,99.7251, 0.0000, 6.7000, 4.9799, 0.5116, 0.0000, 0.0019
 16, 15, 0.0000, 0.0000, 0.0000, 0.0000, 0.0000,56.1431,6236.6299,55.9401,1061.6841,5598.6294,72570.2656, 0.0000, 0.0000,98.7376, 0.0000, 6.7000, 4.9665, 0.5116, 0.0000, 0.0019
 16, 16, 0.0000, 0.0000, 0.0000, 0.0000, 0.0000,56.0447,6235.9526,56.2995,1061.3732,5598.5688,72570.3672, 0.0000, 0.0000,97.6747, 0.0000, 6.7000, 4.9450, 0.5216, 0.0000, 0.0019
 16, 17, 0.0000, 0.0000, 0.0000, 0.0000, 0.0000,55.9444,6235.1729,56.7037,1061.0449,5598.5083,72570.4609, 0.0000, 0.0000,96.4885, 0.0000, 6.7000, 4.9425, 0.5263, 0.0000, 0.0019
 16, 18, 0.0000, 0.0000, 0.0000, 0.0000, 0.0000,55.8435,6234.3491,57.1266,1060.7107,5598.4434,72570.5781, 0.0000, 0.0000,95.2356, 0.0000, 6.7000, 4.9286, 0.5248, 0.0000, 0.0018
 16, 19, 0.0000, 0.0000, 0.0000, 0.0000, 0.0000,55.7408,6233.4526,57.5812,1060.3640,5598.3774,72570.6953, 0.0000, 0.0000,93.8651, 0.0000, 6.7000, 4.9296, 0.5234, 0.0000, 0.0018
 16, 20, 0.0000, 0.0000, 0.0000, 0.0000, 0.0000,55.6352,6232.4663,58.0762,1060.0021,5598.3101,72570.7891, 0.0000, 0.0000,92.3353, 0.0000, 6.7000, 4.9437, 0.5219, 0.0000, 0.0018
 16, 21, 0.0973, 0.0000, 0.3785, 0.0000, 0.0000,55.5284,6231.4858,58.5674,1059.6427,5598.2417,72570.8984, 0.0000, 0.0000,90.8585, 0.0000, 6.7000, 4.9180, 0.5203, 0.0000, 0.0018
 16, 22, 0.0970, 0.0000, 0.3776, 0.0000, 0.0000,55.4213,6230.5664,59.0332,1059.2950,5598.1763,72571.0078, 0.0000, 0.0000,89.5164, 0.0000, 6.7000, 4.8723, 0.5181, 0.0000, 0.0018
 16, 23, 0.0966, 0.0000, 0.3764, 0.0000, 0.0000,55.3122,6229.6113,59.5139,1058.9432,5598.1084,72571.1406, 0.0000, 0.0000,88.1513, 0.0000, 6.7000, 4.8737, 0.5159, 0.0000, 0.0018
 16, 24, 0.0962, 0.0000, 0.3748, 0.0000, 0.0000,55.1926,6228.3423,60.1353,1058.5322,5598.0308,72571.2500, 0.0000, 0.0000,86.1745, 0.0000, 6.7000, 5.0232, 0.5135, 0.0000, 0.0018
 16, 25, 0.0957, 0.0000, 0.3729, 2.0000, 0.0000,55.0337,6226.4282,68.0767,1056.8855,5592.0161,72571.3828, 0.0000, 0.0000,83.4654, 0.0000, 6.7000, 5.3074, 0.5182, 0.0000, 0.0018
 16, 26, 0.0951, 0.0000, 0.3708, 0.0000, 0.0000,54.8733,6224.5303,68.9804,1056.3575,5591.9170,72571.5078, 0.0000, 0.0000,80.9834, 0.0000, 6.7000, 5.3196, 0.5158, 0.0000, 0.0018
 16, 27, 0.0944, 0.0000, 0.3683, 0.0000, 0.0000,54.6615,6222.0527,70.1554,1055.7067,5591.7939,72571.6406, 0.0000, 0.0000,77.9278, 0.0000, 6.7000, 5.8730, 0.5132, 0.0000, 0.0022
 16, 28, 0.0937, 0.0000, 0.3657, 0.0000, 0.0000,54.4405,6219.5151,71.3594,1055.0409,5591.6685,72571.7891, 0.0000, 0.0000,75.1077, 0.0000, 6.7000, 6.0137, 0.5109, 0.0000, 0.0023
 16, 29, 0.0929, 0.0000, 0.3628, 0.0000, 0.0000,54.2211,6217.0796,72.5190,1054.3932,5591.5479,72571.9453, 0.0000, 0.0000,72.6816, 0.0000, 6.7000, 5.9952, 0.5088, 0.0000, 0.0023
 16, 30, 0.0921, 0.0000, 0.3598, 0.0000, 0.0000,54.0086,6214.9917,73.5266,1053.8093,5591.4370,72572.0938, 0.0000, 0.0000,70.8520, 0.0000, 6.7000, 5.8241, 0.5069, 0.0000, 0.0023
 16, 31, 0.0913, 0.0000, 0.3568, 0.0000, 0.0000,53.8025,6213.1689,74.4178,1053.2745,5591.3384,72572.2344, 0.0000, 0.0000,69.4437, 0.0000, 6.7000, 5.6982, 0.5050, 0.0000, 0.0023
 16, 32, 0.0000, 0.0000, 0.0000,10.0000, 0.0000,53.6057,6211.6270,75.1850,1052.7925,5591.2446,72572.3750, 0.0000, 0.0000,68.4066, 0.0000, 6.7000, 5.5448, 0.5037, 0.0000, 0.0023
 16, 33, 0.0000, 0.0000, 0.0000, 0.0000, 0.0000,53.4183,6210.2847,75.8625,1052.3486,5591.1621,72572.5000, 0.0000, 0.0000,67.6310, 0.0000, 6.7000, 5.4294, 0.5023, 0.0000, 0.0023
 16, 34, 0.0000, 0.0000, 0.0000, 0.0000, 0.0000,53.2419,6209.0820,76.4763,1051.9313,5591.0830,72572.6328, 0.0000, 0.0000,67.0018, 0.0000, 6.7000, 5.3384, 0.4972, 0.0000, 0.0023
 16, 35, 0.0000, 0.0000, 0.0000, 0.0000, 0.0000,53.0751,6207.9648,77.0492,1051.5313,5591.0088,72572.7656, 0.0000, 0.0000,66.4666, 0.0000, 6.7000, 5.2690, 0.4986, 0.0000, 0.0022
 16, 36, 0.0000, 0.0000, 0.0000, 0.0000, 0.0000,52.9172,6206.9307,77.5816,1051.1490,5590.9360,72572.8750, 0.0000, 0.0000,66.0131, 0.0000, 6.7000, 5.1923, 0.4972, 0.0000, 0.0022
 16, 37, 0.0000, 0.0000, 0.0000, 0.0000, 0.0000,52.7669,6205.9487,78.0898,1050.7772,5590.8647,72572.9922, 0.0000, 0.0000,65.6078, 0.0000, 6.7000, 5.1433, 0.4982, 0.0000, 0.0022
 16, 38, 0.0000, 0.0000, 0.0000, 0.0000, 0.0000,52.6210,6204.9653,78.5961,1050.4073,5590.7954,72573.1094, 0.0000, 0.0000,65.2036, 0.0000, 6.7000, 5.1216, 0.5010, 0.0000, 0.0022
 16, 39, 0.0000, 0.0000, 0.0000, 0.0000, 0.0000,52.4789,6203.9854,79.0985,1050.0404,5590.7271,72573.2266, 0.0000, 0.0000,64.7975, 0.0000, 6.7000, 5.1005, 0.4997, 0.0000, 0.0021
 16, 40, 0.0000, 0.0000, 0.0000, 0.0000, 0.0000,52.3404,6203.0483,79.5810,1049.6829,5590.6592,72573.3281, 0.0000, 0.0000,64.4271, 0.0000, 6.7000, 5.0543, 0.4984, 0.0000, 0.0021
 16, 41, 0.0000, 0.0000, 0.0000, 0.0000, 0.0000,52.2051,6202.1509,80.0450,1049.3342,5590.5947,72573.4375, 0.0000, 0.0000,64.0871, 0.0000, 6.7000, 5.0125, 0.4971, 0.0000, 0.0021
 16, 42, 0.0000, 0.0000, 0.0000, 0.0000, 0.0000,52.0727,6201.2803,80.4963,1048.9923,5590.5283,72573.5625, 0.0000, 0.0000,63.7630, 0.0000, 6.7000, 4.9809, 0.4958, 0.0000, 0.0020
 16, 43, 0.0000, 0.0000, 0.0000, 0.0000, 0.0000,51.9454,6200.5630,80.8794,1048.6804,5590.4688,72573.6563, 0.0000, 0.0000,63.5564, 0.0000, 6.7000, 4.8290, 0.4924, 0.0000, 0.0020
 16, 44, 0.0000, 0.0000, 0.0000, 0.0000, 0.0000,51.8238,6199.9580,81.2120,1048.3915,5590.4146,72573.7422, 0.0000, 0.0000,63.4020, 0.0000, 6.7000, 4.7252, 0.4694, 0.0000, 0.0020
 16, 45, 0.0857, 0.0000, 0.3358, 0.0000, 0.0000,51.7069,6199.2876,81.5705,1048.0922,5590.3574,72573.8438, 0.0000, 0.0000,63.2254, 0.0000, 6.7000, 4.7791, 0.4939, 0.0000, 0.0019
 16, 46, 0.0000, 0.0000, 0.0000, 0.0000, 0.0000,51.5957,6198.7759,81.8591,1047.8236,5590.3062,72573.9297, 0.0000, 0.0000,63.1303, 0.0000, 6.7000, 4.4482, 0.4696, 0.0000, 0.0019
 16, 47, 0.0000, 0.0000, 0.0000, 0.0000, 0.0000,51.4937,6198.3613,82.1014,1047.5760,5590.2598,72574.0234, 0.0000, 0.0000,63.0951, 0.0000, 6.7000, 4.2332, 0.4614, 0.0000, 0.0019
 16, 48, 0.0000, 0.0000, 0.0000, 0.0000, 0.0000,51.4040,6198.0337,82.3018,1047.3463,5590.2163,72574.0938, 0.0000, 0.0000,63.0904, 0.0000, 6.7000, 4.1458, 0.4614, 0.0000, 0.0018
 16, 49, 0.0000, 0.0000, 0.0000, 0.0000, 0.0000,51.3265,6197.7754,82.4667,1047.1329,5590.1738,72574.1719, 0.0000, 0.0000,63.0921, 0.0000, 6.7000, 3.9045, 0.4508, 0.0000, 0.0018
 16, 50, 0.0000, 0.0000, 0.0000, 0.0000, 0.0000,51.2624,6197.5796,82.6000,1046.9332,5590.1377,72574.2344, 0.0000, 0.0000,63.1056, 0.0000, 6.7000, 3.6162, 0.4508, 0.0000, 0.0017
 16, 51, 0.0000, 0.0000, 0.0000, 0.0000, 0.0000,51.2141,6197.4541,82.6960,1046.7498,5590.1006,72574.2969, 0.0000, 0.0000,63.1193, 0.0000, 6.7000, 3.5769, 0.4385, 0.0000, 0.0017
 16, 52, 0.0000, 0.0000, 0.0000, 0.0000, 0.0000,51.1739,6197.3481,82.7802,1046.5736,5590.0669,72574.3516, 0.0000, 0.0000,63.1335, 0.0000, 6.7000, 3.8633, 0.4385, 0.0000, 0.0016
 16, 53, 0.0000, 0.0000, 0.0000, 0.0000, 0.0000,51.1357,6197.2480,82.8609,1046.4015,5590.0347,72574.4063, 0.0000, 0.0000,63.1476, 0.0000, 6.7000, 3.7041, 0.4385, 0.0000, 0.0015
 16, 54, 0.0000, 0.0000, 0.0000, 0.0000, 0.0000,51.1010,6197.1548,82.9363,1046.2340,5590.0024,72574.4688, 0.0000, 0.0000,63.1618, 0.0000, 6.7000, 3.4287, 0.4385, 0.0000, 0.0015
 16, 55, 0.0000, 0.0000, 0.0000, 0.0000, 0.0000,51.0741,6197.0796,83.0007,1046.0720,5589.9702,72574.5234, 0.0000, 0.0000,63.1764, 0.0000, 6.7000, 3.4260, 0.4385, 0.0000, 0.0014
 16, 56, 0.0000, 0.0000, 0.0000, 0.0000, 0.0000,51.0510,6197.0142,83.0594,1045.9150,5589.9409,72574.5703, 0.0000, 0.0000,63.1912, 0.0000, 6.7000, 3.6279, 0.4385, 0.0000, 0.0014
 16, 57, 0.0000, 0.0000, 0.0000, 4.0000, 0.0000,51.0249,6196.9424,83.1212,1045.7600,5589.9116,72574.6250, 0.0000, 0.0000,63.2056, 0.0000, 6.7000, 3.7187, 0.4385, 0.0000, 0.0013
 16, 58, 0.0000, 0.0000, 0.0000, 0.0000, 0.0000,50.9948,6196.8613,83.1882,1045.6055,5589.8804,72574.6719, 0.0000, 0.0000,63.2201, 0.0000, 6.7000, 3.6696, 0.4410, 0.0000, 0.0013
 16, 59, 0.0000, 0.0000, 0.0000, 0.0000, 0.0000,50.9624,6196.7700,83.2594,1045.4515,5589.8501,72574.7109, 0.0000, 0.0000,63.2368, 0.0000, 6.7000, 3.6590, 0.4473, 0.0000, 0.0013
 16, 60, 0.0000, 0.0000, 0.0000, 0.0000, 0.0000,50.9284,6196.6577,83.3414,1045.2943,5589.8223,72574.7656, 0.0000, 0.0000,63.2545, 0.0000, 6.7000, 3.6878, 0.4508, 0.0000, 0.0012
 16, 61, 0.0000, 0.0000, 0.0000, 0.0000, 0.0000,50.8913,6196.5264,83.4313,1045.1359,5589.7896,72574.8203, 0.0000, 0.0000,63.2682, 0.0000, 6.7000, 3.7041, 0.4515, 0.0000, 0.0012
 16, 62, 0.0000, 0.0000, 0.0000, 0.0000, 0.0000,50.8512,6196.3818,83.5285,1044.9761,5589.7598,72574.8828, 0.0000, 0.0000,63.2806, 0.0000, 6.7000, 3.6294, 0.4551, 0.0000, 0.0012
 16, 63, 0.0000, 0.0000, 0.0000, 0.0000, 0.0000,50.8104,6196.2397,83.6246,1044.8177,5589.7290,72574.9375, 0.0000, 0.0000,63.2918, 0.0000, 6.7000, 3.4792, 0.4508, 0.0000, 0.0012
 16, 64, 0.0000, 0.0000, 0.0000, 0.0000, 0.0000,50.7722,6196.1143,83.7121,1044.6642,5589.6992,72574.9844, 0.0000, 0.0000,63.3075, 0.0000, 6.7000, 3.2426, 0.4508, 0.0000, 0.0012
 16, 65, 0.0000, 0.0000, 0.0000, 0.0000, 0.0000,50.7405,6196.0313,83.7793,1044.5193,5589.6714,72575.0313, 0.0000, 0.0000,63.3201, 0.0000, 6.7000, 3.2720, 0.4400, 0.0000, 0.0012
 16, 66, 0.0853, 0.0000, 0.3341, 0.0000, 0.0000,50.6565,6195.2446,84.1672,1044.2413,5589.6187,72575.1172, 0.0000, 0.0000,62.9445, 0.0000, 6.7000, 4.0581, 0.4918, 0.0000, 0.0012
 16, 67, 0.0849, 0.0000, 0.3327, 0.0000, 0.0000,50.4698,6193.4727,85.0219,1043.7417,5589.5249,72575.2422, 0.0000, 0.0000,61.9571, 0.0000, 6.7000, 5.3587, 0.4900, 0.0000, 0.0020
 16, 68, 0.0845, 0.0000, 0.3315, 0.0000, 0.0000,50.2138,6183.6514,86.8896,1043.0703,5589.3984,72575.3672, 0.0000, 0.0000,60.6096, 0.0000, 6.7000, 7.1513, 0.4883, 0.0000, 0.0032
 16, 69, 0.0843, 0.0000, 0.3306, 0.0000, 0.0000,49.8885,6171.5332,89.1679,1042.2195,5589.2393,72575.5156, 0.0000, 0.0000,58.9476, 0.0000, 6.7000, 9.6542, 0.4866, 0.0000, 0.0047
 16, 70, 0.0841, 0.0000, 0.3299, 0.0000, 0.0000,49.5666,6159.4385,91.4354,1041.3691,5589.0781,72575.6563, 0.0000, 0.0000,57.4121, 0.0000, 6.7000, 9.7983, 0.4849, 0.0000, 0.0047
 16, 71, 0.0839, 0.0000, 0.3294, 0.0000, 0.0000,49.2464,6147.3223,93.7002,1040.5165,5588.9185,72575.7813, 0.0000, 0.0000,55.9954, 0.0000, 6.7000, 9.9434, 0.4834, 0.0000, 0.0047
 16, 72, 0.0839, 0.0000, 0.3292, 0.0000, 0.0000,48.9254,6135.0903,95.9799,1039.6573,5588.7573,72575.9063, 0.0000, 0.0000,54.6710, 0.0000, 6.7000,10.1547, 0.4818, 0.0000, 0.0048
 16, 73, 0.0838, 0.0000, 0.3293, 0.0000, 0.0000,48.6023,6122.9497,98.2408,1038.7982,5588.5967,72576.0078, 0.0000, 0.0000,53.4736, 0.0000, 6.7000,10.2587, 0.4804, 0.0000, 0.0048
 16, 74, 0.0839, 0.0000, 0.3295, 0.0000, 0.0000,48.2767,6110.9287,100.4796,1037.9403,5588.4360,72576.1016, 0.0000, 0.0000,52.3884, 0.0000, 6.7000,10.3833, 0.4791, 0.0000, 0.0048
 16, 75, 0.0840, 0.0000, 0.3299, 0.0000, 0.0000,47.9483,6098.8564,102.7254,1037.0764,5588.2744,72576.2266, 0.0000, 0.0000,51.3780, 0.0000, 6.7000,10.6227, 0.4779, 0.0000, 0.0049
 16, 76, 0.0841, 0.0000, 0.3304, 0.0000, 0.0000,47.6171,6086.9863,104.9371,1036.2158,5588.1138,72576.3281, 0.0000, 0.0000,50.4689, 0.0000, 6.7000,10.7063, 0.4766, 0.0000, 0.0050
 16, 77, 0.0842, 0.0000, 0.3311, 0.0000, 0.0000,47.2931,6084.6836,106.0915,1035.4113,5587.9629,72576.4609, 0.0000, 0.0000,49.7558, 0.0000, 6.7000,10.2638, 0.4753, 0.0000, 0.0049
 16, 78, 0.0844, 0.0000, 0.3318, 0.0000, 0.0000,46.9878,6075.3970,107.8656,1034.6541,5587.8213,72576.6172, 0.0000, 0.0000,49.1676, 0.0000, 6.7000,10.0183, 0.4741, 0.0000, 0.0050
 16, 79, 0.0846, 0.0000, 0.3326, 0.0000, 0.0000,46.6883,6066.4180,109.5853,1033.9087,5587.6812,72576.7734, 0.0000, 0.0000,48.6205, 0.0000, 6.7000,10.0581, 0.4728, 0.0000, 0.0050
 16, 80, 0.0848, 0.0000, 0.3335, 0.0000, 0.0000,46.3931,6057.5854,111.2777,1033.1696,5587.5425,72576.9141, 0.0000, 0.0000,48.0935, 0.0000, 6.7000,10.1903, 0.4715, 0.0000, 0.0050
 16, 81, 0.0850, 0.0000, 0.3343, 0.0000, 0.0000,46.1016,6049.1157,112.9071,1032.4445,5587.4063,72577.0703, 0.0000, 0.0000,47.6112, 0.0000, 6.7000,10.1461, 0.4702, 0.0000, 0.0050
 16, 82, 0.0852, 0.0000, 0.3351, 0.0000, 0.0000,45.8143,6041.0327,114.4707,1031.7339,5587.2744,72577.2188, 0.0000, 0.0000,47.1642, 0.0000, 6.7000,10.1294, 0.4689, 0.0000, 0.0050
 16, 83, 0.0853, 0.0000, 0.3359, 0.0000, 0.0000,45.5542,6039.4150,115.3030,1031.0836,5587.1528,72577.3906, 0.0000, 0.0000,46.8029, 0.0000, 6.7000, 9.6183, 0.4676, 0.0000, 0.0047
 16, 84, 0.0856, 0.0000, 0.3366,10.0000, 0.0000,45.2629,6036.5859,68.7167,1037.7186,5627.4438,72577.5234, 0.0000, 0.0000,46.7605, 0.0000, 6.7000, 9.4172, 0.5014, 0.0000, 0.0046
 16, 85, 0.0857, 0.0000, 0.3371, 0.0000, 0.0000,44.9848,6033.9800,69.9957,1036.8893,5627.2837,72577.6875, 0.0000, 0.0000,46.6612, 0.0000, 6.7000, 9.2736, 0.4978, 0.0000, 0.0046
 16, 86, 0.0858, 0.0000, 0.3376, 0.0000, 0.0000,44.7247,6031.6914,71.1320,1036.1194,5627.1343,72577.8750, 0.0000, 0.0000,46.4779, 0.0000, 6.7000, 9.0962, 0.4948, 0.0000, 0.0046
 16, 87, 0.0858, 0.0000, 0.3379, 0.0000, 0.0000,44.4791,6029.5889,72.1811,1035.3879,5626.9946,72578.0313, 0.0000, 0.0000,46.2844, 0.0000, 6.7000, 8.9672, 0.4923, 0.0000, 0.0046
 16, 88, 0.0858, 0.0000, 0.3381, 0.0000, 0.0000,44.2365,6019.1421,74.1427,1034.6147,5626.8433,72578.1875, 0.0000, 0.0000,46.1850, 0.0000, 6.7000, 9.0942, 0.4897, 0.0000, 0.0046
 16, 89, 0.0858, 0.0000, 0.3382, 0.0000, 0.0000,43.9716,6006.1641,76.5341,1033.7339,5626.6738,72578.2969, 0.0000, 0.0000,46.0446, 0.0000, 6.7000, 9.6727, 0.4873, 0.0000, 0.0047
 16, 90, 0.0858, 0.0000, 0.3381, 0.0000, 0.0000,43.7082,5992.4849,79.0392,1032.8260,5626.4995,72578.3594, 0.0000, 0.0000,45.9039, 0.0000, 6.7000, 9.9243, 0.4849, 0.0000, 0.0047
 16, 91, 0.0857, 0.0000, 0.3378, 0.0000, 0.0000,43.4452,5978.2310,81.6362,1031.8947,5626.3208,72578.4063, 0.0000, 0.0000,45.7159, 0.0000, 6.7000,10.2291, 0.4826, 0.0000, 0.0048
 16, 92, 0.0857, 0.0001, 0.3375, 3.0000, 0.0000,43.1510,5959.5947,70.7622,1033.0123,5638.1167,72578.2891, 0.0000, 0.0000,45.8493, 0.0000, 6.7000,10.5177, 0.4900, 0.0000, 0.0047
 16, 93, 0.0855, 0.0000, 0.3370, 0.0000, 0.0000,42.8653,5942.3438,73.8799,1031.9536,5637.9136,72578.2578, 0.0000, 0.0000,45.7814, 0.0000, 6.7000,10.5072, 0.4874, 0.0000, 0.0048
 16, 94, 0.0854, 0.0000, 0.3363, 0.0000, 0.0000,42.5907,5927.1387,76.6438,1030.9717,5637.7231,72578.2969, 0.0000, 0.0000,45.6200, 0.0000, 6.7000,10.3027, 0.4852, 0.0000, 0.0048
 16, 95, 0.0853, 0.0008, 0.3355, 0.0000, 0.0000,38.5347,5893.6216,93.2201,1002.8270,5632.0757,72585.7188, 0.0000, 0.0000,73.5339, 0.0000, 6.7000,10.3928, 0.4830, 0.0000, 0.0052
 16, 96, 0.0850, 0.0007, 0.3346, 0.0000, 0.0000,35.0326,5860.9565,108.9495,976.5336,5626.5786,72592.5859, 0.0000, 0.0000,94.6142, 0.0000, 6.7000,10.5146, 0.4809, 0.0000, 0.0056
 16, 97, 0.0847, 0.0004, 0.3336, 0.0000, 0.0000,32.2099,5831.3896,122.8359,953.7083,5621.6138,72598.8281, 0.0000, 0.0000,109.2796, 0.0000, 6.7000,10.3533, 0.4792, 0.0000, 0.0056
 16, 98, 0.0844, 0.0002, 0.3324, 1.0000, 0.0000,30.0273,5815.1616,77.9576,942.4140,5665.2476,72604.3828, 0.0000, 0.0000,119.7702, 0.0000, 6.7000, 9.5997, 0.4811, 0.0000, 0.0051
 16, 99, 0.0848, 0.0002, 0.3310,16.0000, 0.0000,27.0421,5776.4092,84.6772,915.8500,5668.2051,72612.4453, 0.0000, 0.0000,135.2785, 0.0000, 6.7000, 9.5298, 0.5360, 0.0000, 0.0048
 16,100, 0.0853, 0.0917, 0.3296, 7.0000, 0.0000,24.3914,5750.9375,83.1669,890.8531,5677.0786,72620.5469, 0.0000, 0.0000,143.1456, 0.0000, 6.7000, 9.4593, 0.5575, 0.0000, 1.4191
 16,101, 0.0849, 0.0433, 0.3279, 0.0000, 0.0000,21.5800,5701.5488,104.6620,858.9609,5668.7593,72629.7188, 0.0000, 0.0000,152.3300, 0.0000, 6.7000, 9.6818, 0.5497, 0.0000, 0.0296
 16,102, 0.0845, 0.0222, 0.3262, 0.0000, 0.0000,19.0233,5648.0781,127.2856,826.4235,5659.7437,72638.6875, 0.0000, 0.0000,159.1125, 0.0000, 6.7000, 9.9408, 0.5419, 0.0000, 0.0298
 16,103, 0.0858, 0.0134, 0.3243, 8.0000, 0.0000,16.8149,5591.0352,89.9559,800.7237,5704.4155,72647.2500, 0.0000, 0.0000,158.7847, 0.0000, 6.7000,10.1689, 0.5647, 0.0000, 0.0291
 16,104, 0.0853, 0.0094, 0.3223, 0.0000, 0.0000,14.9659,5532.7939,113.6076,769.7766,5694.4609,72655.3828, 0.0000, 0.0000,158.2109, 0.0000, 6.7000,10.2969, 0.5558, 0.0000, 0.0295
 16,105, 0.0849, 0.0059, 0.3202, 0.0000, 0.0000,13.4765,5475.7202,136.1777,741.4904,5684.7061,72662.8203, 0.0000, 0.0000,156.8342, 0.0000, 6.7000,10.4022, 0.5485, 0.0000, 0.0299
 16,106, 0.0846, 0.0036, 0.3180, 0.0000, 0.0000,12.2920,5420.9453,157.3086,716.0958,5675.3374,72669.5938, 0.0000, 0.0000,154.6147, 0.0000, 6.7000,10.4735, 0.5425, 0.0000, 0.0303
 16,107, 0.0842, 0.0023, 0.3158, 0.0000, 0.0000,11.3333,5367.6265,177.4114,692.9241,5666.2046,72675.6797, 0.0000, 0.0000,151.6017, 0.0000, 6.7000,10.6422, 0.5369, 0.0000, 0.0309
 16,108, 0.0838, 0.0015, 0.3134, 0.0000, 0.0000,10.5605,5316.3174,196.3453,671.9919,5657.4019,72681.1406, 0.0000, 0.0000,147.9023, 0.0000, 6.7000,10.8022, 0.5322, 0.0000, 0.0315
 16,109, 0.0856, 0.0025, 0.3110,10.0000, 0.0000, 9.8786,5260.1943,86.5977,659.9911,5768.5654,72686.7891, 0.0000, 0.0000,142.2523, 0.0000, 6.7000,10.7802, 0.5642, 0.0000, 0.0304
 16,110, 0.0901, 0.0545, 0.3087, 0.0000, 0.0000, 9.6411,5222.3032,97.2752,652.4760,5764.6899,72688.0078, 0.0000, 0.0000,125.6388, 0.0000, 6.7000,10.5667, 0.5566, 0.0000, 0.0276
 16,111, 0.0895, 0.0413, 0.3064, 0.0000, 0.0000, 9.4576,5189.6563,106.2164,646.5495,5761.4722,72689.2031, 0.0000, 0.0000,115.3021, 0.0000, 6.7000,10.2277, 0.5503, 0.0000, 0.0280
 16,112, 0.0889, 0.0209, 0.3042, 0.0000, 0.0000, 9.3129,5177.4141,112.1840,641.7595,5758.7603,72690.2891, 0.0000, 0.0000,108.1204, 0.0000, 6.7000, 9.8620, 0.5448, 0.0000, 0.0265
 16,113, 0.0884, 0.0104, 0.3024, 0.0000, 0.0000, 9.1850,5150.4512,119.2487,637.4947,5756.2627,72691.2344, 0.0000, 0.0000,102.2332, 0.0000, 6.7000, 9.8896, 0.5397, 0.0000, 0.0264
 16,114, 0.0881, 0.0053, 0.3010, 0.0000, 0.0000, 9.0653,5123.5723,126.2105,633.4261,5753.7910,72691.9688, 0.0000, 0.0000,97.0172, 0.0000, 6.7000,10.0622, 0.5348, 0.0000, 0.0263
 16,115, 0.0879, 0.0026, 0.3003, 0.0000, 0.0000, 8.9533,5097.0195,132.9587,629.6452,5751.4189,72692.4609, 0.0000, 0.0000,92.3331, 0.0000, 6.7000,10.2507, 0.5304, 0.0000, 0.0263
 16,116, 0.0880, 0.0013, 0.3003, 0.0000, 0.0000, 8.8504,5071.9658,139.1322,626.3773,5749.3257,72692.8828, 0.0000, 0.0000,88.3676, 0.0000, 6.7000,10.2909, 0.5269, 0.0000, 0.0263
 16,117, 0.0884, 0.0007, 0.3013, 0.0000, 0.0000, 8.7538,5048.0474,144.8934,623.4606,5747.4258,72693.2344, 0.0000, 0.0000,84.9481, 0.0000, 6.7000,10.3782, 0.5235, 0.0000, 0.0264
 16,118, 0.0890, 0.0004, 0.3032, 0.0000, 0.0000, 8.6621,5024.9541,150.3506,620.7997,5745.6680,72693.4766, 0.0000, 0.0000,81.9424, 0.0000, 6.7000,10.5088, 0.5203, 0.0000, 0.0266
 16,119, 0.0899, 0.0002, 0.3061, 0.0000, 0.0000, 8.5748,5002.5928,155.5378,618.3589,5744.0376,72693.6641, 0.0000, 0.0000,79.3012, 0.0000, 6.7000,10.6376, 0.5173, 0.0000, 0.0269
 16,120, 0.0910, 0.0001, 0.3098, 0.0000, 0.0000, 8.4915,4980.9170,160.4817,616.1051,5742.5225,72693.7734, 0.0000, 0.0000,76.9682, 0.0000, 6.7000,10.7733, 0.5145, 0.0000, 0.0272
 16,121, 0.0929, 0.0002, 0.3143, 5.0000, 0.0000, 8.3910,4950.8208,73.3161,617.2996,5829.2056,72693.8281, 0.0000, 0.0000,75.7929, 0.0000, 6.7000,10.9417, 0.5278, 0.0000, 0.0272
 16,122, 0.0945, 0.0002, 0.3192, 0.0000, 0.0000, 8.2990,4921.6543,81.0527,613.4645,5826.1699,72693.7578, 0.0000, 0.0000,74.8316, 0.0000, 6.7000,11.0711, 0.5228, 0.0000, 0.0277
 16,123, 0.0962, 0.0002, 0.3244, 0.0000, 0.0000, 8.2154,4893.9717,88.2363,610.0704,5823.3799,72693.5000, 0.0000, 0.0000,73.4875, 0.0000, 6.7000,11.2946, 0.5183, 0.0000, 0.0281
 16,124, 0.0979, 0.0001, 0.3297, 0.0000, 0.0000, 8.1388,4867.7021,94.9057,607.0529,5820.8247,72693.1094, 0.0000, 0.0000,71.9802, 0.0000, 6.7000,11.5344, 0.5143, 0.0000, 0.0286
 16,125, 0.0996, 0.0001, 0.3348, 0.0000, 0.0000, 8.0687,4843.2485,100.9479,604.4358,5818.5718,72692.7813, 0.0000, 0.0000,70.5573, 0.0000, 6.7000,11.6182, 0.5110, 0.0000, 0.0292
 16,126, 0.1020, 0.0003, 0.3397, 5.0000, 0.0000, 7.9960,4814.0718,73.0222,602.7353,5849.2720,72692.2578, 0.0000, 0.0000,68.6562, 0.0000, 6.7000,11.7358, 0.5211, 0.0000, 0.0293
 16,127, 0.1055, 0.0018, 0.3443,11.0000, 0.0000, 7.9226,4780.9575,74.0482,599.4028,5852.9800,72691.5313, 0.0000, 0.0000,67.2164, 0.0000, 6.7000,11.8455, 0.5537, 0.0000, 0.0286
 16,128, 0.1070, 0.0036, 0.3483, 2.0000, 0.0000, 7.8494,4748.1377,73.9640,596.2778,5857.6792,72690.8594, 0.0000, 0.0000,66.4702, 0.0000, 6.7000,11.8661, 0.5497, 0.0000, 0.0291
 16,129, 0.1080, 0.0024, 0.3519, 0.0000, 0.0000, 7.7788,4719.3320,81.2605,593.5200,5854.7334,72690.6016, 0.0000, 0.0000,65.9463, 0.0000, 6.7000,11.6851, 0.5402, 0.0000, 0.0297
 16,130, 0.1095, 0.0013, 0.3552, 4.0000, 0.0000, 7.7075,4688.6748,73.2845,591.2177,5866.6260,72690.2578, 0.0000, 0.0000,66.1005, 0.0000, 6.7000,11.7300, 0.5443, 0.0000, 0.0298
 16,131, 0.1113, 0.0012, 0.3594, 4.0000, 0.0000, 7.6365,4657.1582,73.5865,588.5500,5870.6602,72689.8984, 0.0000, 0.0000,66.2989, 0.0000, 6.7000,11.7336, 0.5487, 0.0000, 0.0299
 16,132, 0.1136, 0.0011, 0.3663, 0.0000, 0.0000, 7.5705,4629.4390,80.5520,586.1468,5867.7852,72689.9766, 0.0000, 0.0000,66.9640, 0.0000, 6.7000,11.1937, 0.5425, 0.0000, 0.0298
 16,133, 0.1170, 0.0006, 0.3778, 0.0000, 0.0000, 7.5067,4605.4351,86.2991,584.2455,5865.6016,72689.9375, 0.0000, 0.0000,66.6095, 0.0000, 6.7000,11.3164, 0.5298, 0.0000, 0.0296
 16,134, 0.1239, 0.0012, 0.3933,16.0000, 0.0000, 7.4389,4574.4780,73.4210,582.4771,5882.1021,72689.5547, 0.0000, 0.0000,66.2443, 0.0000, 6.7000,11.5058, 0.5812, 0.0000, 0.0282
 16,135, 0.1299, 0.0016, 0.4096, 7.0000, 0.0000, 7.3575,4548.3965,71.6503,580.2737,5886.3838,72689.0469, 0.0000, 0.0000,63.6437, 0.0000, 6.7000,11.5940, 0.5980, 0.0000, 0.0275
 16,136, 0.1344, 0.0020, 0.4246, 2.0000, 0.0000, 7.2649,4527.3647,69.5389,578.0919,5888.9150,72688.3750, 0.0000, 0.0000,59.9138, 0.0000, 6.7000,11.7646, 0.5910, 0.0000, 0.0275
 16,137, 0.1393, 0.0019, 0.4411, 0.0000, 0.0000, 7.1726,4507.3311,73.4475,575.9728,5885.9932,72687.6250, 0.0000, 0.0000,57.5588, 0.0000, 6.7000,11.9872, 0.5725, 0.0000, 0.0275
 16,138, 0.1475, 0.0011, 0.4650, 4.0000, 0.0000, 7.0810,4487.3032,69.2803,574.3751,5890.5791,72686.9297, 0.0000, 0.0000,55.8095, 0.0000, 6.7000,11.9986, 0.5755, 0.0000, 0.0273
 16,139, 0.1576, 0.0006, 0.4968, 0.0000, 0.0000, 6.9884,4461.7329,75.6305,572.5532,5888.0894,72686.7500, 0.0000, 0.0000,58.0269, 0.0000, 6.7000,11.6120, 0.5691, 0.0000, 0.0274
 16,140, 0.1682, 0.0005, 0.5277, 5.0000, 0.0000, 6.8992,4435.8242,72.0425,571.1810,5894.9839,72686.8203, 0.0000, 0.0000,60.4870, 0.0000, 6.7000,11.1157, 0.5810, 0.0000, 0.0264
 16,141, 0.1738, 0.0005, 0.5455, 2.0000, 0.0000, 6.8116,4412.3940,71.1281,569.6345,5898.6025,72686.8281, 0.0000, 0.0000,61.2752, 0.0000, 6.7000,11.1439, 0.5761, 0.0000, 0.0261
 16,142, 0.1729, 0.0004, 0.5441, 0.0000, 0.0000, 6.7269,4395.5752,74.3982,568.0901,5896.4414,72686.6641, 0.0000, 0.0000,59.3377, 0.0000, 6.7000,11.3543, 0.5583, 0.0000, 0.0259
 16,143, 0.1674, 0.0002, 0.5285, 0.0000, 0.0000, 6.6444,4380.9453,77.1808,566.6351,5894.3794,72686.3906, 0.0000, 0.0000,57.5253, 0.0000, 6.7000,11.5482, 0.5407, 0.0000, 0.0257
 16,144, 0.1630, 0.0003, 0.5112, 7.0000, 0.0000, 6.5802,4363.5791,68.9738,565.4584,5902.3003,72685.7344, 0.0000, 0.0000,56.0067, 0.0000, 6.7000,11.6691, 0.5568, 0.0000, 0.0250
 16,145, 0.1605, 0.0004, 0.5052, 1.0000, 0.0000, 6.5181,4347.9673,68.2597,563.8825,5902.7109,72685.0469, 0.0000, 0.0000,54.6393, 0.0000, 6.7000,11.7946, 0.5449, 0.0000, 0.0250
 16,146, 0.1640, 0.0002, 0.5170, 3.0000, 0.0000, 6.4572,4333.2349,68.0798,562.4133,5902.6021,72684.1484, 0.0000, 0.0000,53.2241, 0.0000, 6.7000,12.0140, 0.5413, 0.0000, 0.0250
 16,147, 0.1715, 0.0002, 0.5420, 2.0000, 0.0000, 6.3980,4319.6851,67.7189,560.9993,5902.3750,72683.2500, 0.0000, 0.0000,52.0328, 0.0000, 6.7000,12.1327, 0.5338, 0.0000, 0.0250
 16,148, 0.1789, 0.0001, 0.5678, 0.0000, 0.0000, 6.3485,4307.3833,69.8386,559.6719,5900.0171,72682.3438, 0.0000, 0.0000,51.0892, 0.0000, 6.7000,12.3682, 0.5134, 0.0000, 0.0252
 16,149, 0.1829, 0.0001, 0.5823, 2.0000, 0.0000, 6.3087,4293.8735,67.6385,558.4910,5901.4951,72681.0547, 0.0000, 0.0000,50.3896, 0.0000, 6.7000,12.5617, 0.5041, 0.0000, 0.0255
 16,150, 0.1818, 0.0001, 0.5806, 0.0000, 0.0000, 6.2688,4281.4429,69.7488,557.2924,5899.2080,72680.1797, 0.0000, 0.0000,49.7833, 0.0000, 6.7000,12.5503, 0.4869, 0.0000, 0.0257
 16,151, 0.1765, 0.0000, 0.5651, 0.0000, 0.0000, 6.2308,4270.0679,71.5386,556.1996,5897.1602,72679.5313, 0.0000, 0.0000,48.9725, 0.0000, 6.7000,12.4887, 0.4705, 0.0000, 0.0261
 16,152, 0.1689, 0.0000, 0.5424, 0.0000, 0.0000, 6.1932,4259.0229,73.2569,555.1774,5895.2505,72678.9219, 0.0000, 0.0000,48.2941, 0.0000, 6.7000,12.5377, 0.4530, 0.0000, 0.0264
 16,153, 0.1608, 0.0000, 0.5188, 0.0000, 0.0000, 6.1556,4248.1157,74.9394,554.2018,5893.4126,72678.2578, 0.0000, 0.0000,47.7618, 0.0000, 6.7000,12.6917, 0.4339, 0.0000, 0.0268
 16,154, 0.1538, 0.0000, 0.4979, 2.0000, 0.0000, 6.1180,4235.6768,67.2232,553.5236,5900.1094,72677.0859, 0.0000, 0.0000,47.6403, 0.0000, 6.7000,12.8788, 0.4249, 0.0000, 0.0270
 16,155, 0.1474, 0.0000, 0.4797, 0.0000, 0.0000, 6.0802,4223.6689,69.1146,552.4925,5897.8101,72675.9141, 0.0000, 0.0000,47.4732, 0.0000, 6.7000,13.0847, 0.4047, 0.0000, 0.0273
 16,156, 0.1415, 0.0000, 0.4629, 0.0000, 0.0000, 6.0421,4211.7456,70.9720,551.5059,5895.6143,72674.7188, 0.0000, 0.0000,47.3565, 0.0000, 6.7000,13.2842, 0.3843, 0.0000, 0.0275
 16,157, 0.1359, 0.0000, 0.4474, 0.0000, 0.0000, 6.0037,4199.9438,72.7902,550.5615,5893.5308,72673.4922, 0.0000, 0.0000,47.2852, 0.0000, 6.7000,13.4775, 0.3637, 0.0000, 0.0278
 16,158, 0.1389, 0.0151, 0.4381,32.0000, 0.0000, 5.9422,4178.8735,69.9498,549.7383,5897.9189,72671.6875, 0.0000, 0.0000,50.5047, 0.0000, 6.7000,13.6120, 0.4729, 0.0000, 0.0243
 16,159, 0.1415, 0.0152, 0.4465, 4.0000, 0.0000, 5.8888,4163.1680,67.4140,548.7163,5899.5811,72669.8984, 0.0000, 0.0000,49.6828, 0.0000, 6.7000,13.7113, 0.4738, 0.0000, 0.0241
 16,160, 0.1476, 0.0220, 0.4683, 0.0000, 0.0000, 5.8358,4148.1875,69.5006,547.5820,5896.9707,72668.1641, 0.0000, 0.0000,48.6976, 0.0000, 6.7000,13.9375, 0.4516, 0.0000, 0.0245
 16,161, 0.1517, 0.0141, 0.4847, 0.0000, 0.0000, 5.7832,4133.8960,71.4541,546.5129,5894.6528,72666.5391, 0.0000, 0.0000,47.9753, 0.0000, 6.7000,14.2270, 0.4278, 0.0000, 0.0248
 16,162, 0.1545, 0.0040, 0.4864,12.0000, 0.0000, 5.7256,4115.3877,68.5210,545.6351,5897.9189,72664.4922, 0.0000, 0.0000,48.9473, 0.0000, 6.7000,14.3221, 0.4623, 0.0000, 0.0233
 16,163, 0.1517, 0.0018, 0.4768, 4.0000, 0.0000, 5.6735,4100.0151,67.2797,544.6224,5898.4175,72662.7578, 0.0000, 0.0000,48.2519, 0.0000, 6.7000,14.1644, 0.4649, 0.0000, 0.0230
 16,164, 0.1463, 0.0014, 0.4619, 0.0000, 0.0000, 5.6216,4085.5061,69.2726,543.5703,5896.0156,72661.3828, 0.0000, 0.0000,47.8771, 0.0000, 6.7000,14.1206, 0.4469, 0.0000, 0.0233
 16,165, 0.1406, 0.0005, 0.4461, 0.0000, 0.0000, 5.5699,4071.8064,71.1165,542.5800,5893.9463,72660.1406, 0.0000, 0.0000,47.8782, 0.0000, 6.7000,14.2485, 0.4267, 0.0000, 0.0235
 16,166, 0.1351, 0.0003, 0.4312, 0.0000, 0.0000, 5.5197,4059.7341,72.7676,541.6501,5892.0005,72658.9297, 0.0000, 0.0000,48.0479, 0.0000, 6.7000,14.3918, 0.4064, 0.0000, 0.0237
 16,167, 0.1334, 0.0009, 0.4179,14.0000, 0.0000, 5.4662,4042.1802,68.3142,540.9435,5896.7334,72657.1953, 0.0000, 0.0000,48.8471, 0.0000, 6.7000,14.4309, 0.4496, 0.0000, 0.0216
 16,168, 0.1290, 0.0015, 0.4061, 0.0000, 0.0000, 5.4163,4028.1580,70.2278,539.9564,5894.4219,72655.6953, 0.0000, 0.0000,48.3481, 0.0000, 6.7000,14.5083, 0.4303, 0.0000, 0.0217
 16,169, 0.1251, 0.0005, 0.3956, 0.0000, 0.0000, 5.3667,4014.9658,71.9876,539.0278,5892.4692,72654.4766, 0.0000, 0.0000,48.2854, 0.0000, 6.7000,14.5367, 0.4117, 0.0000, 0.0217
 16,170, 0.1216, 0.0002, 0.3864, 0.0000, 0.0000, 5.3185,4003.1978,73.5737,538.1548,5890.6509,72653.3750, 0.0000, 0.0000,48.6433, 0.0000, 6.7000,14.6070, 0.3926, 0.0000, 0.0218
 16,171, 0.1184, 0.0001, 0.3783, 0.0000, 0.0000, 5.2810,3992.4087,75.0274,537.3732,5888.9438,72652.1953, 0.0000, 0.0000,49.0206, 0.0000, 6.7000,14.7561, 0.3722, 0.0000, 0.0218
 16,172, 0.1155, 0.0001, 0.3710, 0.0000, 0.0000, 5.2442,3981.8049,76.4412,536.6213,5887.3257,72651.0469, 0.0000, 0.0000,49.4331, 0.0000, 6.7000,14.9268, 0.3512, 0.0000, 0.0219
 16,173, 0.1130, 0.0000, 0.3649, 2.0000, 0.0000, 5.2085,3969.7747,66.6886,536.2885,5896.0464,72649.2891, 0.0000, 0.0000,50.2074, 0.0000, 6.7000,15.0864, 0.3413, 0.0000, 0.0219
 16,174, 0.1130, 0.0000, 0.3664, 0.0000, 0.0000, 5.1729,3958.3025,68.2654,535.5369,5894.0464,72647.7500, 0.0000, 0.0000,50.7458, 0.0000, 6.7000,15.1653, 0.3214, 0.0000, 0.0219
 16,175, 0.1219, 0.0000, 0.3974, 0.0000, 0.0000, 5.1373,3947.1563,69.7801,534.8116,5892.1802,72646.3359, 0.0000, 0.0000,51.1909, 0.0000, 6.7000,15.2269, 0.3017, 0.0000, 0.0219
 16,176, 0.1379, 0.0000, 0.4520, 0.0000, 0.0000, 5.1019,3936.3408,71.2344,534.1100,5890.4404,72645.0469, 0.0000, 0.0000,51.5857, 0.0000, 6.7000,15.2828, 0.2820, 0.0000, 0.0219
 16,177, 0.1513, 0.0002, 0.4916, 8.0000, 0.0000, 5.0660,3922.0706,67.3717,533.5946,5894.0747,72643.1641, 0.0000, 0.0000,51.9799, 0.0000, 6.7000,15.3713, 0.3004, 0.0000, 0.0206
 16,178, 0.1547, 0.0004, 0.5054, 0.0000, 0.0000, 5.0307,3909.9329,69.0244,532.8628,5891.9575,72641.4688, 0.0000, 0.0000,52.3539, 0.0000, 6.7000,15.4603, 0.2799, 0.0000, 0.0206
 16,179, 0.1518, 0.0001, 0.4984, 0.0000, 0.0000, 4.9957,3898.6506,70.5377,532.1708,5890.1187,72639.9688, 0.0000, 0.0000,52.8534, 0.0000, 6.7000,15.5720, 0.2590, 0.0000, 0.0206
 16,180, 0.0956, 0.0000, 0.3146, 0.0000, 0.0000, 4.9609,3887.6311,72.0010,531.4958,5888.3926,72638.5391, 0.0000, 0.0000,53.3044, 0.0000, 6.7000,15.6902, 0.2504, 0.0000, 0.0207
 16,181, 0.0957, 0.0000, 0.3146, 0.0000, 0.0000, 4.9125,3871.3516,75.7317,530.8438,5886.8765,72637.3047, 0.0000, 0.0000,56.4763, 0.0000, 6.7000,15.7576, 0.2477, 0.0000, 0.0208
 16,182, 0.0968, 0.0002, 0.3146, 7.0000, 0.0000, 4.8644,3850.8762,69.9078,530.5026,5895.0503,72635.4453, 0.0000, 0.0000,59.2181, 0.0000, 6.7000,15.7701, 0.2677, 0.0000, 0.0199
 16,183, 0.0964, 0.0003, 0.3146, 1.0000, 0.0000, 4.8304,3839.1167,66.5647,529.9380,5897.7905,72633.8359, 0.0000, 0.0000,58.5222, 0.0000, 6.7000,15.7345, 0.2551, 0.0000, 0.0198
 16,184, 0.0963, 0.0001, 0.3146, 0.0000, 0.0000, 4.7969,3828.5632,67.9753,529.2974,5896.1284,72632.6797, 0.0000, 0.0000,58.0248, 0.0000, 6.7000,15.6033, 0.2469, 0.0000, 0.0198
 16,185, 0.0964, 0.0000, 0.3146, 0.0000, 0.0000, 4.7509,3812.9282,71.5757,528.6772,5894.6543,72631.6719, 0.0000, 0.0000,60.3959, 0.0000, 6.7000,15.6650, 0.2441, 0.0000, 0.0199
 16,186, 0.0965, 0.0000, 0.3146, 0.0000, 0.0000, 4.7056,3798.2349,74.9133,528.0725,5893.3169,72630.6641, 0.0000, 0.0000,62.1472, 0.0000, 6.7000,15.8081, 0.2415, 0.0000, 0.0199
 16,187, 0.0984, 0.0006, 0.3146,13.0000, 0.0000, 4.6600,3777.9685,69.7922,527.7334,5900.7920,72628.7422, 0.0000, 0.0000,63.6436, 0.0000, 6.7000,15.9997, 0.2828, 0.0000, 0.0178
 16,188, 0.0980, 0.0012, 0.3146, 2.0000, 0.0000, 4.6279,3766.4573,66.5528,527.1708,5903.4624,72627.1328, 0.0000, 0.0000,62.4061, 0.0000, 6.7000,15.9365, 0.2759, 0.0000, 0.0176
 16,189, 0.0975, 0.0007, 0.3146, 0.0000, 0.0000, 4.5961,3755.9683,67.9522,526.5184,5901.8203,72625.9609, 0.0000, 0.0000,61.4612, 0.0000, 6.7000,15.8525, 0.2588, 0.0000, 0.0175
 16,190, 0.0975, 0.0002, 0.3146, 0.0000, 0.0000, 4.5647,3745.9612,69.2711,525.8954,5900.3379,72624.8750, 0.0000, 0.0000,60.7526, 0.0000, 6.7000,15.8917, 0.2500, 0.0000, 0.0174
 16,191, 0.0975, 0.0001, 0.3146, 0.0000, 0.0000, 4.5216,3731.2698,72.5953,525.2866,5899.0015,72623.8594, 0.0000, 0.0000,62.7009, 0.0000, 6.7000,16.0147, 0.2473, 0.0000, 0.0175
 16,192, 0.0989, 0.0005, 0.3146,11.0000, 0.0000, 4.4785,3712.2388,69.4916,524.9081,5904.3457,72622.0859, 0.0000, 0.0000,64.6615, 0.0000, 6.7000,16.1636, 0.2814, 0.0000, 0.0159
 16,193, 0.0981, 0.0012, 0.3146, 0.0000, 0.0000, 4.4479,3701.5393,70.9036,524.2568,5902.6748,72620.5000, 0.0000, 0.0000,63.3694, 0.0000, 6.7000,16.3982, 0.2598, 0.0000, 0.0158
 16,194, 0.0980, 0.0003, 0.3146, 0.0000, 0.0000, 4.4173,3691.0852,72.2647,523.6407,5901.1230,72618.9922, 0.0000, 0.0000,62.4196, 0.0000, 6.7000,16.6498, 0.2446, 0.0000, 0.0158
 16,195, 0.0980, 0.0001, 0.3146, 0.0000, 0.0000, 4.3749,3675.8379,75.6830,523.0356,5899.7539,72617.6484, 0.0000, 0.0000,64.1275, 0.0000, 6.7000,16.8480, 0.2416, 0.0000, 0.0158
 16,196, 0.0981, 0.0000, 0.3146, 0.0000, 0.0000, 4.3327,3661.6172,78.8165,522.4401,5898.5454,72616.4922, 0.0000, 0.0000,65.2659, 0.0000, 6.7000,16.9689, 0.2390, 0.0000, 0.0159
 16,197, 0.1005, 0.0014, 0.3146,25.0000, 0.0000, 4.2891,3642.6021,69.1951,522.2102,5910.0112,72614.5156, 0.0000, 0.0000,66.3328, 0.0000, 6.7000,16.9795, 0.3246, 0.0000, 0.0131
 16,198, 0.0998, 0.0041, 0.3146, 0.0000, 0.0000, 4.2585,3631.6292,70.6323,521.5137,5908.3867,72612.8828, 0.0000, 0.0000,63.2812, 0.0000, 6.7000,17.0918, 0.3037, 0.0000, 0.0131
 16,199, 0.0993, 0.0016, 0.3146, 6.0000, 0.0000, 4.2278,3618.1958,67.2205,521.0317,5911.9771,72610.9844, 0.0000, 0.0000,61.5260, 0.0000, 6.7000,17.2569, 0.3124, 0.0000, 0.0129
 16,200, 0.0987, 0.0019, 0.3146, 0.0000, 0.0000, 4.1973,3607.2424,68.6464,520.3446,5910.4199,72609.3672, 0.0000, 0.0000,59.5414, 0.0000, 6.7000,17.3221, 0.2921, 0.0000, 0.0129
 16,201, 0.0983, 0.0018, 0.3145, 6.0000, 0.0000, 4.1668,3593.8872,67.1849,519.7674,5912.2261,72607.5000, 0.0000, 0.0000,58.1896, 0.0000, 6.7000,17.3673, 0.3021, 0.0000, 0.0126
 16,202, 0.0978, 0.0020, 0.3145, 0.0000, 0.0000, 4.1365,3583.1536,68.5698,519.0865,5910.7773,72605.9688, 0.0000, 0.0000,56.6845, 0.0000, 6.7000,17.3326, 0.2832, 0.0000, 0.0126
 16,203, 0.0973, 0.0020, 0.3145, 0.0000, 0.0000, 4.1065,3572.8140,69.8929,518.4290,5909.4380,72604.6094, 0.0000, 0.0000,55.3314, 0.0000, 6.7000,17.2852, 0.2649, 0.0000, 0.0126
 16,204, 0.0972, 0.0006, 0.3145, 0.0000, 0.0000, 4.0768,3562.9246,71.1462,517.8016,5908.2222,72603.3750, 0.0000, 0.0000,54.1025, 0.0000, 6.7000,17.3123, 0.2533, 0.0000, 0.0126
 16,205, 0.0973, 0.0001, 0.3144, 0.0000, 0.0000, 4.0361,3549.0073,74.1555,517.1841,5907.1284,72602.2422, 0.0000, 0.0000,55.1722, 0.0000, 6.7000,17.4527, 0.2506, 0.0000, 0.0127
 16,206, 0.0973, 0.0000, 0.3144, 0.0000, 0.0000, 3.9959,3535.8879,76.9608,516.5745,5906.1372,72601.2266, 0.0000, 0.0000,55.7296, 0.0000, 6.7000,17.6467, 0.2481, 0.0000, 0.0127
 16,207, 0.0989, 0.0009, 0.3143,19.0000, 0.0000, 3.9549,3517.4170,69.1230,516.3478,5916.0459,72599.3672, 0.0000, 0.0000,56.4478, 0.0000, 6.7000,17.7140, 0.3115, 0.0000, 0.0107
 16,208, 0.0982, 0.0021, 0.3143, 2.0000, 0.0000, 3.9261,3506.3206,66.4573,515.7851,5918.4683,72597.6250, 0.0000, 0.0000,54.8109, 0.0000, 6.7000,17.7903, 0.3024, 0.0000, 0.0107
 16,209, 0.0983, 0.0315, 0.3142,30.0000, 0.0000, 3.8834,3491.6030,67.7215,515.1238,5918.3203,72595.8359, 0.0000, 0.0000,53.6734, 0.0000, 6.7000,17.8396, 0.4045, 0.0000, 0.0096
 16,210, 0.0978, 0.0329, 0.3141, 0.0000, 0.0000, 3.8494,3479.6619,69.2288,514.3655,5916.8789,72594.2031, 0.0000, 0.0000,51.4002, 0.0000, 6.7000,17.7975, 0.3862, 0.0000, 0.0096
 16,211, 0.0973, 0.0227, 0.3141, 0.0000, 0.0000, 3.8155,3468.2869,70.6537,513.6055,5915.5918,72592.7578, 0.0000, 0.0000,49.3215, 0.0000, 6.7000,17.8429, 0.3670, 0.0000, 0.0095
 16,212, 0.0968, 0.0141, 0.3139, 0.0000, 0.0000, 3.7821,3457.5215,72.0041,512.8556,5914.3735,72591.4297, 0.0000, 0.0000,47.7670, 0.0000, 6.7000,17.9362, 0.3473, 0.0000, 0.0095
 16,213, 0.0963, 0.0065, 0.3138, 0.0000, 0.0000, 3.7491,3447.4221,73.2738,512.1158,5913.2349,72590.1719, 0.0000, 0.0000,46.7492, 0.0000, 6.7000,17.9866, 0.3283, 0.0000, 0.0094
 16,214, 0.0958, 0.0020, 0.3137, 0.0000, 0.0000, 3.7199,3438.0107,74.4566,511.4154,5912.1743,72589.0313, 0.0000, 0.0000,46.1188, 0.0000, 6.7000,18.0556, 0.3090, 0.0000, 0.0094
 16,215, 0.0953, 0.0005, 0.3135, 0.0000, 0.0000, 3.6925,3428.8533,75.5985,510.7428,5911.1807,72587.9375, 0.0000, 0.0000,45.7635, 0.0000, 6.7000,18.1218, 0.2896, 0.0000, 0.0093
 16,216, 0.0949, 0.0001, 0.3134, 0.0000, 0.0000, 3.6654,3419.9988,76.6945,510.0931,5910.2627,72586.9297, 0.0000, 0.0000,45.3936, 0.0000, 6.7000,18.1097, 0.2714, 0.0000, 0.0093
 16,217, 0.0946, 0.0000, 0.3132, 0.0000, 0.0000, 3.6387,3411.4565,77.7440,509.4758,5909.4155,72586.0313, 0.0000, 0.0000,45.0051, 0.0000, 6.7000,18.0881, 0.2536, 0.0000, 0.0092
 16,218, 0.0946, 0.0000, 0.3130, 0.0000, 0.0000, 3.6021,3399.9619,80.1053,508.8669,5908.6494,72585.2422, 0.0000, 0.0000,46.3292, 0.0000, 6.7000,18.1130, 0.2515, 0.0000, 0.0093
 16,219, 0.0945, 0.0000, 0.3127, 0.0000, 0.0000, 3.5661,3389.0674,82.3323,508.2657,5907.9448,72584.5313, 0.0000, 0.0000,47.2957, 0.0000, 6.7000,18.1921, 0.2495, 0.0000, 0.0093
 16,220, 0.0945, 0.0000, 0.3125, 0.0000, 0.0000, 3.5307,3378.6602,84.4526,507.6708,5907.2891,72583.8438, 0.0000, 0.0000,47.9861, 0.0000, 6.7000,18.3407, 0.2477, 0.0000, 0.0093
 16,221, 0.0945, 0.0001, 0.3122, 4.0000, 0.0000, 3.4957,3364.9238,68.0512,507.8923,5924.7344,72582.4922, 0.0000, 0.0000,49.2969, 0.0000, 6.7000,18.4157, 0.2584, 0.0000, 0.0092
 16,222, 0.0948, 0.0004, 0.3119, 7.0000, 0.0000, 3.4611,3349.6797,68.4330,507.3637,5926.3301,72580.8203, 0.0000, 0.0000,49.8646, 0.0000, 6.7000,18.4607, 0.2779, 0.0000, 0.0086
 16,223, 0.0947, 0.0007, 0.3115, 0.0000, 0.0000, 3.4269,3336.5090,71.3145,506.7332,5925.2632,72579.5625, 0.0000, 0.0000,50.5626, 0.0000, 6.7000,18.4595, 0.2749, 0.0000, 0.0086
 16,224, 0.0946, 0.0002, 0.3111, 0.0000, 0.0000, 3.3933,3324.2356,73.9653,506.1086,5924.3169,72578.4688, 0.0000, 0.0000,50.9025, 0.0000, 6.7000,18.5043, 0.2723, 0.0000, 0.0086
 16,225, 0.0945, 0.0001, 0.3107, 0.0000, 0.0000, 3.3601,3312.6997,76.4293,505.4900,5923.4619,72577.4922, 0.0000, 0.0000,51.0043, 0.0000, 6.7000,18.5808, 0.2701, 0.0000, 0.0086
 16,226, 0.0944, 0.0001, 0.3102, 0.0000, 0.0000, 3.3275,3301.8174,78.7308,504.8774,5922.6885,72576.6328, 0.0000, 0.0000,50.9497, 0.0000, 6.7000,18.6473, 0.2680, 0.0000, 0.0087
 16,227, 0.0942, 0.0001, 0.3097, 0.0000, 0.0000, 3.2954,3291.5007,80.8946,504.2703,5921.9824,72575.8750, 0.0000, 0.0000,50.7800, 0.0000, 6.7000,18.7475, 0.2661, 0.0000, 0.0087
 16,228, 0.0941, 0.0000, 0.3092, 0.0000, 0.0000, 3.2638,3281.7004,82.9348,503.6689,5921.3354,72575.1875, 0.0000, 0.0000,50.5367, 0.0000, 6.7000,18.8329, 0.2644, 0.0000, 0.0087
 16,229, 0.0775, 0.3094, 0.3086,91.0000, 0.0000, 3.2348,3266.9722,68.4329,503.7471,5937.3237,72573.6328, 0.0000, 0.0000,27.7129, 0.0000, 6.7000,18.8218, 0.5855, 0.0000, 0.0263
 16,230, 0.0781, 0.2994, 0.3080,23.0000, 0.0000, 3.1960,3249.7429,68.9311,503.1441,5939.3145,72572.2734, 0.0000, 0.0000,31.8511, 0.0000, 6.7000,18.2659, 0.6644, 0.0000, 0.0249
 16,231, 0.0785, 0.2254, 0.3073,25.0000, 0.0000, 3.1690,3236.0234,67.9797,502.7175,5941.8555,72571.1563, 0.0000, 0.0000,32.4515, 0.0000, 6.7000,17.6072, 0.7504, 0.0000, 0.0232
 16,232, 0.0782, 0.1854, 0.3066, 3.0000, 0.0000, 3.1372,3219.3501,68.7586,502.1639,5943.4434,72570.0547, 0.0000, 0.0000,34.2798, 0.0000, 6.7000,17.5989, 0.7513, 0.0000, 0.0229
 16,233, 0.0780, 0.1469, 0.3058, 0.0000, 0.0000, 3.0995,3203.8003,72.1394,501.4394,5942.4609,72569.0703, 0.0000, 0.0000,35.9042, 0.0000, 6.7000,17.6999, 0.7443, 0.0000, 0.0228
 16,234, 0.0778, 0.1158, 0.3050, 0.0000, 0.0000, 3.0621,3189.9124,75.1365,500.7152,5941.6431,72568.2578, 0.0000, 0.0000,37.0649, 0.0000, 6.7000,17.8288, 0.7401, 0.0000, 0.0226
 16,235, 0.0777, 0.0936, 0.3046, 0.0000, 0.0000, 3.0258,3177.5986,77.8241,500.0134,5940.9121,72567.5781, 0.0000, 0.0000,37.9027, 0.0000, 6.7000,17.8627, 0.7371, 0.0000, 0.0225
 16,236, 0.0818, 0.0753, 0.3210, 0.0000, 0.0000, 2.9906,3166.6252,80.2373,499.3300,5940.2710,72567.0859, 0.0000, 0.0000,38.4957, 0.0000, 6.7000,17.6628, 0.7349, 0.0000, 0.0224
 16,237, 0.1622, 0.0615, 0.6358, 0.0000, 0.0000, 2.9595,3156.5293,82.4330,498.6762,5939.6943,72566.6484, 0.0000, 0.0000,39.0229, 0.0000, 6.7000,17.5880, 0.7317, 0.0000, 0.0223
 16,238, 0.9347, 0.0479, 3.6309, 0.0000, 0.0000, 2.9317,3146.9875,84.4806,498.0449,5939.1592,72566.2578, 0.0000, 0.0000,39.3863, 0.0000, 6.7000,17.5909, 0.7173, 0.0000, 0.0222
 16,239, 1.4071, 0.0366, 5.4494, 0.0000, 0.0000, 2.9045,3137.8096,86.4453,497.4209,5938.6548,72565.9063, 0.0000, 0.0000,39.5806, 0.0000, 6.7000,17.6454, 0.6960, 0.0000, 0.0222
 16,240, 1.5708, 0.0903, 6.0277,49.0000, 0.0000, 2.8796,3124.2991,68.2023,497.8598,5957.7612,72564.7422, 0.0000, 0.0000,38.0495, 0.0000, 6.7000,17.7639, 0.8455, 0.0000, 0.0207
 16,241, 1.6148, 0.0440, 6.1972,21.0000, 0.0000, 2.8553,3110.5977,68.1825,497.3260,5959.6406,72563.6484, 0.0000, 0.0000,37.7265, 0.0000, 6.7000,17.6749, 0.8943, 0.0000, 0.0201
 16,242, 1.6130, 0.0331, 6.2223, 0.0000, 0.0000, 2.8264,3095.8635,71.3078,496.6171,5958.7524,72562.7188, 0.0000, 0.0000,38.3113, 0.0000, 6.7000,17.6671, 0.8636, 0.0000, 0.0201
 16,243, 1.5908, 0.0262, 6.1673, 0.0000, 0.0000, 2.7928,3082.1948,74.2129,495.8840,5958.0000,72561.9375, 0.0000, 0.0000,39.0143, 0.0000, 6.7000,17.7517, 0.8356, 0.0000, 0.0201
 16,244, 1.5482, 0.0244, 6.0318, 0.0000, 0.0000, 2.7596,3069.6042,76.9058,495.1743,5957.3066,72561.1641, 0.0000, 0.0000,39.6792, 0.0000, 6.7000,17.9379, 0.8098, 0.0000, 0.0201
 16,245, 1.5047, 0.0232, 5.8901, 0.0000, 0.0000, 2.7273,3058.0872,79.3882,494.4865,5956.6729,72560.4531, 0.0000, 0.0000,40.2382, 0.0000, 6.7000,18.1117, 0.7856, 0.0000, 0.0200
 16,246, 1.7094, 0.0162, 6.7021, 0.0000, 0.0000, 2.6986,3047.7290,81.6205,493.8366,5956.0947,72559.7891, 0.0000, 0.0000,40.6392, 0.0000, 6.7000,18.2810, 0.7550, 0.0000, 0.0200
 16,247, 1.6322, 0.0087, 6.4346, 0.0000, 0.0000, 2.6729,3037.9131,83.7041,493.2151,5955.5659,72559.1563, 0.0000, 0.0000,40.8333, 0.0000, 6.7000,18.4416, 0.7280, 0.0000, 0.0200
 16,248, 1.5841, 0.0054, 6.2758, 0.0000, 0.0000, 2.6475,3028.4905,85.6995,492.5956,5955.0698,72558.5859, 0.0000, 0.0000,40.9393, 0.0000, 6.7000,18.5892, 0.7032, 0.0000, 0.0201
 16,249, 1.5768, 0.0039, 6.2739, 0.0000, 0.0000, 2.6227,3019.4053,87.6207,491.9760,5954.6016,72558.0703, 0.0000, 0.0000,40.9615, 0.0000, 6.7000,18.7526, 0.6787, 0.0000, 0.0202
 16,250, 1.5697, 0.0035, 6.2727, 0.0000, 0.0000, 2.5982,3010.7036,89.4622,491.3502,5954.1626,72557.6016, 0.0000, 0.0000,40.9073, 0.0000, 6.7000,18.7595, 0.6544, 0.0000, 0.0202
 16,251, 1.5649, 0.0029, 6.2712, 6.0000, 0.0000, 2.5739,2999.5266,67.8083,491.9753,5976.2896,72556.5859, 0.0000, 0.0000,41.2549, 0.0000, 6.7000,18.6657, 0.6485, 0.0000, 0.0202
 16,252, 1.5547, 0.0016, 6.2581, 0.0000, 0.0000, 2.5500,2989.5300,69.9923,491.3389,5975.6807,72555.8672, 0.0000, 0.0000,41.4218, 0.0000, 6.7000,18.5327, 0.6234, 0.0000, 0.0203
 16,253, 1.5340, 0.0013, 6.2027, 0.0000, 0.0000, 2.5266,2980.0994,72.0471,490.7038,5975.1216,72555.2266, 0.0000, 0.0000,41.4241, 0.0000, 6.7000,18.5149, 0.5988, 0.0000, 0.0205
 16,254, 1.4908, 0.0009, 6.0569, 1.0000, 0.0000, 2.5042,2970.8118,67.4246,490.4113,5980.8828,72554.6797, 0.0000, 0.0000,41.4320, 0.0000, 6.7000,18.0504, 0.5782, 0.0000, 0.0205
 16,255, 1.4113, 0.0006, 5.7641, 0.0000, 0.0000, 2.4841,2962.7507,69.1991,489.8219,5980.3882,72554.3672, 0.0000, 0.0000,41.2990, 0.0000, 6.7000,16.9625, 0.5554, 0.0000, 0.0189
 16,256, 1.2879, 0.0003, 5.2894, 0.0000, 0.0000, 2.4642,2955.0493,70.8899,489.2351,5979.9272,72554.0859, 0.0000, 0.0000,41.1218, 0.0000, 6.7000,16.9526, 0.5345, 0.0000, 0.0188
 16,257, 1.1260, 0.0002, 4.6508, 0.0000, 0.0000, 2.4447,2947.5090,72.5412,488.6505,5979.4810,72553.7500, 0.0000, 0.0000,40.9453, 0.0000, 6.7000,17.1085, 0.5162, 0.0000, 0.0188
 16,258, 0.9441, 0.0001, 3.9207, 0.0000, 0.0000, 2.4255,2940.0779,74.1630,488.0668,5979.0498,72553.3828, 0.0000, 0.0000,40.7761, 0.0000, 6.7000,17.3440, 0.5008, 0.0000, 0.0187
 16,259, 0.7646, 0.0001, 3.1910, 0.0000, 0.0000, 2.4063,2932.7793,75.7496,487.4829,5978.6333,72553.0000, 0.0000, 0.0000,40.6058, 0.0000, 6.7000,17.5682, 0.4882, 0.0000, 0.0186
 16,260, 0.6043, 0.0000, 2.5322, 0.0000, 0.0000, 2.3873,2925.6116,77.3029,486.8991,5978.2363,72552.6250, 0.0000, 0.0000,40.4268, 0.0000, 6.7000,17.7735, 0.4783, 0.0000, 0.0186
 16,261, 0.4704, 0.0000, 1.9779, 0.0000, 0.0000, 2.3685,2918.6841,78.8026,486.3167,5977.8608,72552.3047, 0.0000, 0.0000,40.2370, 0.0000, 6.7000,17.7426, 0.4707, 0.0000, 0.0186
 16,262, 0.3644, 0.0001, 1.5342, 6.0000, 0.0000, 2.3508,2910.0166,67.3569,486.4984,5989.9014,72551.8047, 0.0000, 0.0000,40.3218, 0.0000, 6.7000,16.8710, 0.4839, 0.0000, 0.0183
 16,263, 0.2832, 0.0001, 1.1948, 0.0000, 0.0000, 2.3334,2902.5515,69.0037,485.9388,5989.4360,72551.4609, 0.0000, 0.0000,40.2527, 0.0000, 6.7000,16.8614, 0.4785, 0.0000, 0.0183
 16,264, 0.2245, 0.0001, 0.9486, 0.0000, 0.0000, 2.3164,2895.2681,70.6048,485.3824,5988.9878,72551.0938, 0.0000, 0.0000,40.1543, 0.0000, 6.7000,17.0007, 0.4741, 0.0000, 0.0183
 16,265, 0.1845, 0.0001, 0.7804, 0.0000, 0.0000, 2.2996,2888.1843,72.1554,484.8278,5988.5625,72550.7266, 0.0000, 0.0000,40.0281, 0.0000, 6.7000,17.1267, 0.4705, 0.0000, 0.0182
 16,266, 0.1590, 0.0003, 0.6721, 8.0000, 0.0000, 2.2829,2878.1917,67.6397,484.6008,5994.2544,72549.7891, 0.0000, 0.0000,40.0078, 0.0000, 6.7000,17.2919, 0.4933, 0.0000, 0.0181
 16,267, 0.1438, 0.0062, 0.6060,28.0000, 0.0000, 2.2633,2865.6387,68.0559,484.0246,5995.6670,72548.9141, 0.0000, 0.0000,39.0932, 0.0000, 6.7000,17.2423, 0.5889, 0.0000, 0.0177
 16,268, 0.1351, 0.0062, 0.5691,12.0000, 0.0000, 2.2385,2853.3088,68.0884,483.4294,5997.4858,72548.0703, 0.0000, 0.0000,37.2441, 0.0000, 6.7000,17.2532, 0.6261, 0.0000, 0.0175
 16,269, 0.1314, 0.0077, 0.5541, 0.0000, 0.0000, 2.2148,2839.9143,70.8393,482.6856,5996.8242,72547.1797, 0.0000, 0.0000,36.7006, 0.0000, 6.7000,17.3657, 0.6133, 0.0000, 0.0176
 16,270, 0.1318, 0.0062, 0.5561, 0.0000, 0.0000, 2.1892,2826.5056,73.6132,481.9184,5996.1611,72546.2344, 0.0000, 0.0000,36.8438, 0.0000, 6.7000,17.4548, 0.6031, 0.0000, 0.0176
 16,271, 0.1342, 0.0037, 0.5663, 0.0000, 0.0000, 2.1637,2813.5945,76.2772,481.1499,5995.5381,72545.3906, 0.0000, 0.0000,37.1055, 0.0000, 6.7000,17.5595, 0.5946, 0.0000, 0.0176
 16,272, 0.1357, 0.0019, 0.5724, 6.0000, 0.0000, 2.1386,2800.4436,68.2385,480.9152,6005.1299,72544.5156, 0.0000, 0.0000,37.2049, 0.0000, 6.7000,17.5305, 0.6078, 0.0000, 0.0176
 16,273, 0.1336, 0.0014, 0.5641, 0.0000, 0.0000, 2.1138,2787.3835,70.9241,480.1485,6004.5122,72543.7578, 0.0000, 0.0000,37.4552, 0.0000, 6.7000,17.2811, 0.5979, 0.0000, 0.0176
 16,274, 0.1274, 0.0008, 0.5380, 0.0000, 0.0000, 2.0894,2774.6909,73.5285,479.3838,6003.9204,72543.1719, 0.0000, 0.0000,37.7812, 0.0000, 6.7000,16.8464, 0.5905, 0.0000, 0.0176
 16,275, 0.1181, 0.0005, 0.4990, 0.0000, 0.0000, 2.0653,2762.7576,75.9716,478.6214,6003.3838,72542.7734, 0.0000, 0.0000,38.0985, 0.0000, 6.7000,15.7684, 0.5847, 0.0000, 0.0154
 16,276, 0.1082, 0.0002, 0.4575, 0.0000, 0.0000, 2.0415,2751.5239,78.2677,477.8612,6002.8979,72542.5078, 0.0000, 0.0000,38.3842, 0.0000, 6.7000,14.5075, 0.5798, 0.0000, 0.0133
 16,277, 0.1014, 0.0001, 0.4289, 0.0000, 0.0000, 2.0180,2740.7412,80.4693,477.1028,6002.4429,72542.3281, 0.0000, 0.0000,38.5944, 0.0000, 6.7000,14.1500, 0.5754, 0.0000, 0.0128
 16,278, 0.1024, 0.0001, 0.4335, 0.0000, 0.0000, 1.9948,2730.2998,82.5993,476.3466,6002.0107,72542.1484, 0.0000, 0.0000,38.7300, 0.0000, 6.7000,14.1430, 0.5713, 0.0000, 0.0128
 16,279, 0.1159, 0.0000, 0.4908, 0.0000, 0.0000, 1.9719,2720.0059,84.6974,475.5915,6001.5864,72541.9453, 0.0000, 0.0000,38.8213, 0.0000, 6.7000,14.2942, 0.5668, 0.0000, 0.0128
 16,280, 0.1428, 0.0000, 0.6046, 0.0000, 0.0000, 1.9494,2709.9309,86.7508,474.8395,6001.1738,72541.7344, 0.0000, 0.0000,38.8560, 0.0000, 6.7000,14.4698, 0.5619, 0.0000, 0.0128
 16,281, 0.1775, 0.0000, 0.7519, 0.0000, 0.0000, 1.9271,2699.9993,88.7718,474.0871,6000.7734,72541.4766, 0.0000, 0.0000,38.8499, 0.0000, 6.7000,14.6358, 0.5569, 0.0000, 0.0128
 16,282, 0.2099, 0.0000, 0.8890, 0.0000, 0.0000, 1.9051,2690.3711,90.7301,473.3364,6000.3901,72541.3047, 0.0000, 0.0000,38.7996, 0.0000, 6.7000,14.5832, 0.5521, 0.0000, 0.0128
 16,283, 0.2292, 0.0000, 0.9716, 0.0000, 0.0000,22.6075,2910.8545,92.8995,472.5880,6000.0249,72541.1484, 0.0000, 0.0000,38.8348, 0.0000, 6.7000,14.5632, 0.5483, 0.0000, 0.0129
 16,284, 0.2300, 0.0000, 0.9758, 0.0000, 0.0000,22.7890,2905.7407,95.0326,471.8438,5999.6631,72540.9609, 0.0000, 0.0000,38.8242, 0.0000, 6.7000,14.7452, 0.5444, 0.0000, 0.0129
 16,285, 0.2134, 0.0000, 0.9059, 0.0000, 0.0000,22.9742,2900.7612,97.1368,471.1022,5999.3081,72540.7813, 0.0000, 0.0000,38.7726, 0.0000, 6.7000,14.9797, 0.5409, 0.0000, 0.0130
 16,286, 0.1856, 0.0000, 0.7890, 0.0000, 0.0000,23.1702,2896.1382,99.1681,470.3657,5998.9673,72540.6484, 0.0000, 0.0000,38.6685, 0.0000, 6.7000,14.9123, 0.5379, 0.0000, 0.0130
 16,287, 0.1552, 0.0000, 0.6604, 0.0000, 0.0000,23.3754,2891.8279,101.1365,469.6346,5998.6392,72540.5234, 0.0000, 0.0000,38.5397, 0.0000, 6.7000,14.9021, 0.5353, 0.0000, 0.0131
 16,288, 0.1292, 0.0000, 0.5501, 0.0000, 0.0000,23.5911,2887.8950,103.0312,468.9110,5998.3242,72540.4297, 0.0000, 0.0000,38.3927, 0.0000, 6.7000,14.8429, 0.5332, 0.0000, 0.0132
 16,289, 0.1113, 0.0000, 0.4742, 0.0000, 0.0000,23.8227,2884.6023,104.8074,468.2020,5998.0298,72540.4141, 0.0000, 0.0000,38.2582, 0.0000, 6.7000,14.5223, 0.5314, 0.0000, 0.0132
 16,290, 0.1021, 0.0000, 0.4354, 0.0000, 0.0000,24.0801,2882.5039,106.3724,467.5262,5997.7651,72540.5078, 0.0000, 0.0000,38.2365, 0.0000, 6.7000,12.8925, 0.5297, 0.0000, 0.0111
 16,291, 0.0999, 0.0000, 0.4265, 0.0000, 0.0000,24.3431,2880.6306,107.8943,466.8565,5997.5083,72540.5781, 0.0000, 0.0000,38.1877, 0.0000, 6.7000,12.9101, 0.5281, 0.0000, 0.0111
 16,292, 0.1023, 0.0000, 0.4365, 0.0000, 0.0000,24.6080,2878.8611,109.3962,466.1907,5997.2520,72540.6328, 0.0000, 0.0000,38.1159, 0.0000, 6.7000,13.0809, 0.5264, 0.0000, 0.0111
 16,293, 0.1066, 0.0012, 0.4553, 0.0000, 0.0000,429.2317,7753.7451,140.4921,457.8141,5991.6919,72543.7188, 0.0000, 0.0000,75.8145, 0.0000, 6.7000,13.3321, 0.5247, 0.0000, 0.0112
 16,294, 0.1111, 0.0014, 0.4756, 0.0000, 0.0000,393.0238,7712.8364,168.7122,449.9430,5986.2334,72546.5859, 0.0000, 0.0000,101.7840, 0.0000, 6.7000,13.5086, 0.5228, 0.0000, 0.0114
 16,295, 0.1151, 0.0007, 0.4932, 0.0000, 0.0000,362.9405,7674.8604,193.2467,442.7588,5981.0298,72549.3281, 0.0000, 0.0000,117.8563, 0.0000, 6.7000,13.4427, 0.5209, 0.0000, 0.0114
 16,296, 0.1182, 0.0005, 0.5065, 5.0000, 0.0000,319.3121,7620.9844,102.1402,438.1005,6094.2021,72552.6953, 0.0000, 0.0000,142.1042, 0.0000, 6.7000,13.3122, 0.5361, 0.0000, 0.0115
 16,297, 0.1205, 0.0010, 0.5152,17.0000, 0.0000,266.7151,7563.5435,105.8032,425.5619,6117.2568,72556.7891, 0.0000, 0.0000,156.9772, 0.0000, 6.7000,13.3044, 0.5936, 0.0000, 0.0115
 16,298, 0.1214, 0.0013, 0.5199, 0.0000, 0.0000,223.8779,7501.1948,142.6826,412.0555,6105.7183,72561.1406, 0.0000, 0.0000,163.8522, 0.0000, 6.7000,13.1323, 0.5879, 0.0000, 0.0115
 16,299, 0.1217, 0.0010, 0.5213, 0.0000, 0.0000,190.3918,7434.5029,177.1744,399.6662,6094.2861,72565.2344, 0.0000, 0.0000,166.5331, 0.0000, 6.7000,13.1207, 0.5824, 0.0000, 0.0115
 16,300, 0.1213, 0.0006, 0.5200, 0.0000, 0.0000,164.8530,7365.9136,209.0849,388.6413,6083.3174,72569.0547, 0.0000, 0.0000,167.2176, 0.0000, 6.7000,13.0658, 0.5776, 0.0000, 0.0115
 16,301, 0.1203, 0.0004, 0.5161, 0.0000, 0.0000,145.6296,7298.4067,238.1116,379.0677,6073.1050,72572.6563, 0.0000, 0.0000,167.9266, 0.0000, 6.7000,12.6944, 0.5734, 0.0000, 0.0110
 16,302, 0.1188, 0.0002, 0.5098, 0.0000, 0.0000,133.4286,7262.8950,258.6792,372.1418,6065.2007,72575.8906, 0.0000, 0.0000,169.7456, 0.0000, 6.7000, 9.6916, 0.5700, 0.0000, 0.0074
 16,303, 0.1167, 0.0001, 0.5013, 0.0000, 0.0000,123.6528,7229.7534,277.0788,366.0135,6057.8394,72578.9141, 0.0000, 0.0000,169.7784, 0.0000, 6.7000, 9.5877, 0.5665, 0.0000, 0.0073
 16,304, 0.1145, 0.0001, 0.4913, 7.0000, 0.0000,114.1565,7170.8223,90.4629,364.9759,6253.1558,72582.2813, 0.0000, 0.0000,168.9334, 0.0000, 6.7000, 9.6080, 0.5879, 0.0000, 0.0072
 16,305, 0.1118, 0.0002, 0.4806, 0.0000, 0.0000,105.6062,7108.4546,114.4785,358.1281,6243.6533,72585.4922, 0.0000, 0.0000,167.4855, 0.0000, 6.7000, 9.7481, 0.5823, 0.0000, 0.0073
 16,306, 0.1093, 0.0002, 0.4703, 0.0000, 0.0000,98.2329,7046.1265,137.6870,351.5236,6233.9058,72588.3594, 0.0000, 0.0000,164.1654, 0.0000, 6.7000, 9.9163, 0.5771, 0.0000, 0.0073
 16,307, 0.1072, 0.0002, 0.4612, 0.0000, 0.0000,92.0046,6985.1899,159.6539,345.2963,6224.1177,72590.9141, 0.0000, 0.0000,159.1841, 0.0000, 6.7000,10.1027, 0.5723, 0.0000, 0.0074
 16,308, 0.1055, 0.0002, 0.4541, 0.0000, 0.0000,86.8176,6925.5410,180.5853,339.5504,6214.5063,72593.0781, 0.0000, 0.0000,153.5317, 0.0000, 6.7000,10.2919, 0.5681, 0.0000, 0.0074
 16,309, 0.1044, 0.0002, 0.4494, 0.0000, 0.0000,82.4299,6866.5503,200.8349,334.2278,6205.0581,72595.0391, 0.0000, 0.0000,148.2814, 0.0000, 6.7000,10.4517, 0.5642, 0.0000, 0.0074
 16,310, 0.1039, 0.0001, 0.4473, 0.0000, 0.0000,78.8076,6811.0352,219.5440,329.5003,6196.1992,72597.1641, 0.0000, 0.0000,144.7036, 0.0000, 6.7000,10.3426, 0.5610, 0.0000, 0.0074
 16,311, 0.1040, 0.0001, 0.4478, 0.0000, 0.0000,75.9469,6781.3364,233.7043,325.5720,6188.4971,72599.4063, 0.0000, 0.0000,142.4193, 0.0000, 6.7000,10.0328, 0.5581, 0.0000, 0.0074
 16,312, 0.1046, 0.0000, 0.4506, 0.0000, 0.0000,73.5087,6736.2666,248.4685,322.0507,6181.2886,72601.5625, 0.0000, 0.0000,140.3093, 0.0000, 6.7000, 9.9680, 0.5552, 0.0000, 0.0074
 16,313, 0.1055, 0.0000, 0.4548, 0.0000, 0.0000,71.3299,6692.1445,262.7213,318.7349,6174.1909,72603.6016, 0.0000, 0.0000,138.1416, 0.0000, 6.7000,10.0257, 0.5525, 0.0000, 0.0074
 16,314, 0.1067, 0.0000, 0.4596, 0.0000, 0.0000,69.3679,6649.0269,276.4685,315.6127,6167.2139,72605.5156, 0.0000, 0.0000,135.8576, 0.0000, 6.7000,10.0972, 0.5499, 0.0000, 0.0075
 16,315, 0.1077, 0.0000, 0.4644, 0.0000, 0.0000,67.6060,6607.7686,289.4706,312.7224,6160.4961,72607.3750, 0.0000, 0.0000,133.5952, 0.0000, 6.7000,10.1039, 0.5475, 0.0000, 0.0075
 16,316, 0.1089, 0.0101, 0.4686,37.0000, 0.0000,66.4017,6583.7129,79.2235,313.4789,6372.4941,72609.1484, 0.0000, 0.0000,124.7080, 0.0000, 6.7000, 9.6114, 0.6773, 0.0000, 0.0071
 16,317, 0.1095, 0.0141, 0.4719, 0.0000, 0.0000,65.1368,6554.4165,93.1885,310.4781,6364.5273,72611.4219, 0.0000, 0.0000,122.7766, 0.0000, 6.7000, 9.5544, 0.6725, 0.0000, 0.0071
 16,318, 0.1099, 0.0129, 0.4742, 0.0000, 0.0000,63.7765,6504.7012,109.5720,307.3642,6355.8784,72613.9531, 0.0000, 0.0000,123.6782, 0.0000, 6.7000, 9.5545, 0.6678, 0.0000, 0.0071
 16,319, 0.1102, 0.0090, 0.4755, 0.0000, 0.0000,62.3778,6454.6069,125.7413,304.2171,6346.6699,72616.3516, 0.0000, 0.0000,124.8062, 0.0000, 6.7000, 9.7215, 0.6630, 0.0000, 0.0072
 16,320, 0.1103, 0.0038, 0.4761,10.0000, 0.0000,61.0602,6404.9302,83.8973,301.9221,6394.5728,72618.5938, 0.0000, 0.0000,123.5078, 0.0000, 6.7000, 9.7992, 0.6954, 0.0000, 0.0071
 16,321, 0.1107, 0.0021, 0.4776,12.0000, 0.0000,60.1842,6363.4932,81.4042,299.8916,6403.2319,72620.0391, 0.0000, 0.0000,118.1303, 0.0000, 6.7000, 9.8178, 0.7352, 0.0000, 0.0071
 16,322, 0.1132, 0.0019, 0.4882,13.0000, 0.0000,59.5339,6323.5693,80.8066,298.0757,6409.8125,72621.3984, 0.0000, 0.0000,112.8439, 0.0000, 6.7000, 9.7913, 0.7786, 0.0000, 0.0071
 16,323, 0.1229, 0.0017, 0.5303, 7.0000, 0.0000,58.9645,6301.5513,78.1868,296.5332,6416.5942,72622.8438, 0.0000, 0.0000,109.1990, 0.0000, 6.7000, 9.5596, 0.8002, 0.0000, 0.0070
 16,324, 0.1491, 0.0016, 0.6438, 0.0000, 0.0000,58.3236,6278.9438,88.8165,294.7494,6410.0420,72624.7344, 0.0000, 0.0000,109.0662, 0.0000, 6.7000, 9.3773, 0.7956, 0.0000, 0.0070
 16,325, 0.0000, 0.0015, 0.0000,18.0000, 0.0000,57.5983,6261.7153,97.0932,293.2080,6404.4922,72626.6406, 0.0000, 0.0000,108.5826, 0.0000, 6.7000, 9.0568, 0.7922, 0.0000, 0.0070
 16,326, 0.0000, 0.0012, 0.0000, 0.0000, 0.0000,56.8398,6246.6421,104.3737,291.8285,6399.5640,72628.4844, 0.0000, 0.0000,108.6878, 0.0000, 6.7000, 8.8588, 0.7875, 0.0000, 0.0070
 16,327, 0.0000, 0.0008, 0.0000, 0.0000, 0.0000,56.1157,6232.7441,111.0540,290.5827,6395.1235,72630.1875, 0.0000, 0.0000,109.1502, 0.0000, 6.7000, 8.7055, 0.7810, 0.0000, 0.0069
 16,328, 0.0000, 0.0004, 0.0000, 0.0000, 0.0000,55.4446,6219.7373,117.2684,289.4412,6391.0557,72631.7891, 0.0000, 0.0000,109.7686, 0.0000, 6.7000, 8.5724, 0.7724, 0.0000, 0.0069
 16,329, 0.0000, 0.0002, 0.0000, 0.0000, 0.0000,54.8225,6207.4849,123.0912,288.3827,6387.2759,72633.2969, 0.0000, 0.0000,110.4262, 0.0000, 6.7000, 8.4520, 0.7616, 0.0000, 0.0068
 16,330, 0.0000, 0.0001, 0.0000, 0.0000, 0.0000,54.2422,6195.9941,128.5304,287.3976,6383.7583,72634.7266, 0.0000, 0.0000,111.0429, 0.0000, 6.7000, 8.3350, 0.7487, 0.0000, 0.0068
 16,331, 0.0000, 0.0001, 0.0000, 0.0000, 0.0000,53.6986,6185.4038,133.5326,286.4868,6380.5225,72636.0469, 0.0000, 0.0000,111.5613, 0.0000, 6.7000, 8.2122, 0.7338, 0.0000, 0.0067
 16,332, 0.0000, 0.0000, 0.0000, 0.0000, 0.0000,53.1862,6175.4761,138.2106,285.6333,6377.4971,72637.3203, 0.0000, 0.0000,112.0295, 0.0000, 6.7000, 8.1028, 0.7170, 0.0000, 0.0066
 16,333, 0.0000, 0.0000, 0.0000, 0.0000, 0.0000,52.7008,6166.0381,142.6456,284.8240,6374.6245,72638.5391, 0.0000, 0.0000,112.4620, 0.0000, 6.7000, 8.0048, 0.6988, 0.0000, 0.0065
 16,334, 0.0000, 0.0000, 0.0000, 0.0000, 0.0000,52.2395,6157.0444,146.8605,284.0534,6371.8867,72639.7188, 0.0000, 0.0000,112.8484, 0.0000, 6.7000, 7.9115, 0.6797, 0.0000, 0.0064
 16,335, 0.0000, 0.0000, 0.0000,15.0000, 0.0000,51.7983,6148.0400,151.0515,283.3069,6369.2139,72640.8438, 0.0000, 0.0000,113.1813, 0.0000, 6.7000, 7.8507, 0.6607, 0.0000, 0.0063
 16,336, 0.0000, 0.0000, 0.0000, 0.0000, 0.0000,51.3744,6139.2500,155.1331,282.5804,6366.5830,72641.9531, 0.0000, 0.0000,113.4477, 0.0000, 6.7000, 7.7801, 0.6424, 0.0000, 0.0063
 16,337, 0.0000, 0.0000, 0.0000, 0.0000, 0.0000,50.9660,6130.7720,159.0639,281.8777,6364.0205,72643.0391, 0.0000, 0.0000,113.6424, 0.0000, 6.7000, 7.7056, 0.6258, 0.0000, 0.0062
 16,338, 0.0000, 0.0000, 0.0000, 0.0000, 0.0000,50.5717,6122.5840,162.8551,281.1978,6361.5264,72644.0938, 0.0000, 0.0000,113.7842, 0.0000, 6.7000, 7.6326, 0.6113, 0.0000, 0.0061
 16,339, 0.0000, 0.0000, 0.0000, 0.0000, 0.0000,50.1901,6114.6284,166.5334,280.5376,6359.0874,72645.1406, 0.0000, 0.0000,113.8879, 0.0000, 6.7000, 7.5635, 0.5993, 0.0000, 0.0060
 16,340, 0.0000, 0.0000, 0.0000, 0.0000, 0.0000,49.8203,6106.9131,170.0944,279.8973,6356.7031,72646.1563, 0.0000, 0.0000,113.9557, 0.0000, 6.7000, 7.4945, 0.5898, 0.0000, 0.0059
 16,341, 0.0000, 0.0000, 0.0000, 0.0000, 0.0000,49.4617,6099.4375,173.5401,279.2765,6354.3789,72647.1563, 0.0000, 0.0000,113.9937, 0.0000, 6.7000, 7.4261, 0.5827, 0.0000, 0.0058
 16,342, 0.0000, 0.0000, 0.0000, 0.0000, 0.0000,49.1133,6092.1577,176.8889,278.6729,6352.1050,72648.1250, 0.0000, 0.0000,114.0110, 0.0000, 6.7000, 7.3603, 0.5775, 0.0000, 0.0057
 16,343, 0.0000, 0.0000, 0.0000, 0.0000, 0.0000,48.7745,6085.0771,180.1429,278.0858,6349.8818,72649.0781, 0.0000, 0.0000,114.0097, 0.0000, 6.7000, 7.2952, 0.5740, 0.0000, 0.0056
 16,344, 0.0000, 0.0000, 0.0000, 0.0000, 0.0000,48.4448,6072.1807,183.9067,277.5143,6347.7041,72650.0078, 0.0000, 0.0000,113.9944, 0.0000, 6.7000, 7.2314, 0.5716, 0.0000, 0.0055
 16,345, 0.0000, 0.0000, 0.0000, 0.0000, 0.0000,48.1237,6059.6289,187.5564,276.9592,6345.5806,72650.9219, 0.0000, 0.0000,113.9649, 0.0000, 6.7000, 7.1667, 0.5702, 0.0000, 0.0054
 16,346, 0.0000, 0.0000, 0.0000, 0.0000, 0.0000,47.8111,6053.1787,190.5063,276.4216,6343.5259,72651.8203, 0.0000, 0.0000,113.9243, 0.0000, 6.7000, 7.0999, 0.5692, 0.0000, 0.0054
 16,347, 0.0000, 0.0000, 0.0000,14.0000, 0.0000,47.5073,6047.6826,70.7756,277.1081,6463.0737,72652.5469, 0.0000, 0.0000,111.4544, 0.0000, 6.7000, 7.0282, 0.6187, 0.0000, 0.0053
 16,348, 0.0000, 0.0000, 0.0000,21.0000, 0.0000,47.3585,6043.0942,70.2596,276.7708,6464.4990,72653.0781, 0.0000, 0.0000,104.8157, 0.0000, 6.7000, 6.9607, 0.6933, 0.0000, 0.0052
 16,349, 0.0000, 0.0000, 0.0000, 2.0000, 0.0000,47.1953,6037.5635,70.6945,276.3978,6465.1611,72653.7109, 0.0000, 0.0000,100.1429, 0.0000, 6.7000, 6.8950, 0.7003, 0.0000, 0.0051
 16,350, 0.0000, 0.0000, 0.0000, 3.0000, 0.0000,46.9928,6031.5225,70.9470,276.0101,6466.1138,72654.3984, 0.0000, 0.0000,96.8711, 0.0000, 6.7000, 6.8316, 0.7109, 0.0000, 0.0051
 16,351, 0.0000, 0.0000, 0.0000, 0.0000, 0.0000,46.7580,6025.2871,73.8672,275.5928,6464.4678,72655.1094, 0.0000, 0.0000,94.5748, 0.0000, 6.7000, 6.7636, 0.7108, 0.0000, 0.0050
 16,352, 0.0000, 0.0000, 0.0000, 0.0000, 0.0000,46.5029,6019.5039,76.6034,275.1799,6462.8535,72655.7969, 0.0000, 0.0000,92.7296, 0.0000, 6.7000, 6.6930, 0.7108, 0.0000, 0.0049
 16,353, 0.0000, 0.0000, 0.0000, 0.0000, 0.0000,46.2408,6014.0688,79.1880,274.7750,6461.3066,72656.4688, 0.0000, 0.0000,91.2620, 0.0000, 6.7000, 6.6260, 0.7107, 0.0000, 0.0049
 16,354, 0.0000, 0.0000, 0.0000, 0.0000, 0.0000,45.9815,6008.9248,81.6495,274.3696,6459.7651,72657.1641, 0.0000, 0.0000,90.0899, 0.0000, 6.7000, 6.5756, 0.7103, 0.0000, 0.0048
 16,355, 0.0000, 0.0000, 0.0000, 0.0000, 0.0000,45.7289,6004.0762,83.9847,273.9671,6458.2417,72657.8203, 0.0000, 0.0000,89.0871, 0.0000, 6.7000, 6.5240, 0.7091, 0.0000, 0.0047
 16,356, 0.0000, 0.0000, 0.0000, 0.0000, 0.0000,45.4836,5999.4697,86.2076,273.5734,6456.7656,72658.4609, 0.0000, 0.0000,88.2017, 0.0000, 6.7000, 6.4654, 0.7065, 0.0000, 0.0047
 16,357, 0.0000, 0.0000, 0.0000, 0.0000, 0.0000,45.2437,5994.8540,88.4326,273.1788,6455.2749,72659.1172, 0.0000, 0.0000,87.5560, 0.0000, 6.7000, 6.4220, 0.7015, 0.0000, 0.0046
 16,358, 0.0000, 0.0000, 0.0000, 0.0000, 0.0000,45.0093,5990.4678,90.5515,272.7941,6453.8306,72659.7656, 0.0000, 0.0000,86.9518, 0.0000, 6.7000, 6.3648, 0.6939, 0.0000, 0.0046
 16,359, 0.0000, 0.0000, 0.0000, 0.0000, 0.0000,44.7801,5986.3696,92.5392,272.4222,6452.4517,72660.3750, 0.0000, 0.0000,86.3528, 0.0000, 6.7000, 6.3027, 0.6833, 0.0000, 0.0045
 16,360, 0.0000, 0.0000, 0.0000, 8.0000, 0.0000,44.5555,5982.3374,94.4852,272.0590,6451.1255,72660.9453, 0.0000, 0.0000,85.8636, 0.0000, 6.7000, 6.2549, 0.6704, 0.0000, 0.0045
 16,361, 0.0000, 0.0000, 0.0000, 0.0000, 0.0000,44.3358,5978.5127,96.3368,271.7054,6449.8457,72661.5234, 0.0000, 0.0000,85.3978, 0.0000, 6.7000, 6.1977, 0.6559, 0.0000, 0.0044
 16,362, 0.0000, 0.0000, 0.0000, 0.0000, 0.0000,44.1208,5974.9404,98.0710,271.3639,6448.6289,72662.0703, 0.0000, 0.0000,84.9246, 0.0000, 6.7000, 6.1362, 0.6409, 0.0000, 0.0043
 16,363, 0.0000, 0.0000, 0.0000,11.0000, 0.0000,43.9095,5971.2329,99.8565,271.0228,6447.4141,72662.6172, 0.0000, 0.0000,84.6429, 0.0000, 6.7000, 6.1011, 0.6264, 0.0000, 0.0043
 16,364, 0.0000, 0.0000, 0.0000, 3.0000, 0.0000,43.7017,5967.4751,101.6618,270.6816,6446.1768,72663.1484, 0.0000, 0.0000,84.4708, 0.0000, 6.7000, 6.0622, 0.6131, 0.0000, 0.0042
 16,365, 0.0000, 0.0000, 0.0000, 0.0000, 0.0000,43.4970,5963.7729,103.4406,270.3444,6444.9482,72663.7109, 0.0000, 0.0000,84.3325, 0.0000, 6.7000, 6.0180, 0.6016, 0.0000, 0.0042
